ticker,event_date_canonical,momentum_pct,event_id,t0_print_count,print_decile,coverage_class,flag_cross_session_extreme,flag_possible_row_cap,flag_has_dup_prints,flag_eth_dominant_t0,repaired_1c,flag_window_calendar_bug,flag_missing_event_day
BAOS,2023-12-26,79.24,BAOS_2023-12-26_79.24,8045,1,full_window,True,False,False,False,False,False,False
ISPR,2023-11-14,83.15,ISPR_2023-11-14_83.15,6707,1,full_window,False,False,False,False,True,False,False
IVP,2024-01-04,35.84,IVP_2024-01-04_35.84,7844,1,full_window,True,False,False,False,False,False,False
OST,2024-12-31,31.93,OST_2024-12-31_31.93,6618,1,full_window,True,False,False,False,False,False,False
SINT,2023-02-03,50.25,SINT_2023-02-03_50.25,6702,1,full_window,True,False,False,False,False,False,False
TIVC,2024-07-23,30.54,TIVC_2024-07-23_30.54,5107,1,full_window,False,False,False,False,False,False,False
LIDR,2024-03-21,43.62,LIDR_2024-03-21_43.62,10320,2,full_window,False,False,False,False,False,False,False
PSTV,2020-06-09,44.63,PSTV_2020-06-09_44.63,9501,2,full_window,False,False,False,True,False,False,False
QMMM,2024-12-31,56.36,QMMM_2024-12-31_56.36,12676,2,full_window,False,False,False,False,False,False,False
REKR,2023-02-06,43.09,REKR_2023-02-06_43.09,10280,2,full_window,False,False,False,False,False,False,False
SAH,2020-04-29,33.48,SAH_2020-04-29_33.48,9427,2,full_window,False,False,False,False,False,False,False
WRAP,2024-02-05,71.81,WRAP_2024-02-05_71.81,11001,2,full_window,False,False,False,False,False,False,False
CCO,2020-06-08,31.01,CCO_2020-06-08_31.01,15961,3,full_window,False,False,False,False,False,False,False
GWAV,2024-04-01,40.58,GWAV_2024-04-01_40.58,18199,3,full_window,False,False,False,False,True,False,False
OABI,2022-11-08,30.39,OABI_2022-11-08_30.39,18159,3,full_window,False,False,False,False,True,False,False
SAIH,2024-10-18,53.34,SAIH_2024-10-18_53.34,12752,3,full_window,False,False,False,False,False,False,False
SNES,2020-05-11,30.23,SNES_2020-05-11_30.23,16857,3,full_window,False,False,False,False,False,False,False
VAC,2020-03-24,31.66,VAC_2020-03-24_31.66,16866,3,full_window,False,False,False,False,False,False,False
APWC,2020-10-06,100.75,APWC_2020-10-06_100.75,20691,4,full_window,False,False,False,False,False,False,False
DRTS,2022-03-23,41.96,DRTS_2022-03-23_41.96,26450,4,full_window,False,False,False,False,False,False,False
MDXG,2023-05-03,40.16,MDXG_2023-05-03_40.16,19472,4,full_window,False,False,False,False,False,False,False
SOL,2020-10-09,43.38,SOL_2020-10-09_43.38,23773,4,full_window,False,False,False,False,True,False,False
SYPR,2020-11-12,38.89,SYPR_2020-11-12_38.89,24891,4,full_window,False,False,False,False,True,False,False
TLSA,2021-01-13,49.31,TLSA_2021-01-13_49.31,24724,4,full_window,False,False,False,False,False,False,False
ARQQ,2021-09-21,32.32,ARQQ_2021-09-21_32.32,33800,5,full_window,False,False,False,False,False,False,False
IVP,2024-07-18,54.42,IVP_2024-07-18_54.42,34453,5,full_window,True,False,False,False,False,False,False
PMT,2020-03-25,86.71,PMT_2020-03-25_86.71,34711,5,full_window,True,False,False,False,False,False,False
SELX,2024-03-11,58.57,SELX_2024-03-11_58.57,36983,5,full_window,False,False,False,False,False,False,False
TUSK,2020-12-08,89.16,TUSK_2020-12-08_89.16,35669,5,full_window,False,False,False,False,False,False,False
WOW,2024-05-03,32.72,WOW_2024-05-03_32.72,33380,5,full_window,False,False,False,False,False,False,False
ANGH,2022-04-05,84.82,ANGH_2022-04-05_84.82,49192,6,full_window,False,False,False,False,False,False,False
BTCS,2022-01-12,34.64,BTCS_2022-01-12_34.64,44535,6,full_window,False,False,False,False,False,False,False
MBIO,2024-10-23,31.19,MBIO_2024-10-23_31.19,66658,6,full_window,True,False,False,False,False,False,False
PHUN,2021-02-08,32.73,PHUN_2021-02-08_32.73,54668,6,full_window,False,False,False,False,False,False,False
RETO,2020-09-04,94.87,RETO_2020-09-04_94.87,55085,6,full_window,False,False,False,False,False,False,False
VITL,2024-05-09,31.23,VITL_2024-05-09_31.23,47540,6,full_window,False,False,False,False,False,False,False
ASNS,2024-12-31,36.15,ASNS_2024-12-31_36.15,75083,7,full_window,False,False,False,True,False,False,False
CLSK,2020-04-09,273.84,CLSK_2020-04-09_273.84,83456,7,full_window,False,False,False,False,True,False,False
GSUN,2023-04-28,90.74,GSUN_2023-04-28_90.74,86555,7,full_window,False,False,False,False,False,False,False
JMIA,2024-07-09,32.51,JMIA_2024-07-09_32.51,93154,7,full_window,False,False,False,False,False,False,False
SMR,2024-03-27,39.18,SMR_2024-03-27_39.18,83375,7,full_window,False,False,False,False,True,False,False
TSHA,2024-11-12,49.08,TSHA_2024-11-12_49.08,72754,7,full_window,False,False,False,False,True,False,False
CADL,2023-12-12,68.11,CADL_2023-12-12_68.11,118749,8,full_window,False,False,False,False,False,False,False
CTMX,2022-11-17,38.84,CTMX_2022-11-17_38.84,108736,8,full_window,False,False,False,False,False,False,False
IONQ,2023-03-31,33.27,IONQ_2023-03-31_33.27,154452,8,full_window,False,False,False,False,False,False,False
MKDW,2024-08-13,48.65,MKDW_2024-08-13_48.65,111397,8,full_window,False,False,False,True,False,False,False
PENN,2020-03-24,46.84,PENN_2020-03-24_46.84,164223,8,full_window,False,False,False,False,False,False,False
VSTM,2023-05-26,170.21,VSTM_2023-05-26_170.21,120815,8,full_window,True,False,False,False,False,False,False
HCTI,2023-07-12,234.05,HCTI_2023-07-12_234.05,317535,9,full_window,False,False,False,False,False,False,False
IMMX,2022-05-20,76.07,IMMX_2022-05-20_76.07,280366,9,full_window,False,False,False,False,False,False,False
SENS,2021-01-15,70.0,SENS_2021-01-15_70.00,317306,9,full_window,True,False,False,False,False,False,False
SLS,2021-02-03,60.76,SLS_2021-02-03_60.76,202714,9,full_window,False,False,False,False,False,False,False
SONN,2022-03-16,142.71,SONN_2022-03-16_142.71,245841,9,full_window,True,False,False,False,False,False,False
SPCB,2024-04-15,97.46,SPCB_2024-04-15_97.46,196091,9,full_window,False,False,False,False,False,False,False
ABUS,2021-12-01,103.12,ABUS_2021-12-01_103.12,1006799,10,full_window,False,False,False,False,False,False,False
BFRI,2021-11-29,31.65,BFRI_2021-11-29_31.65,343414,10,full_window,False,False,False,False,False,False,False
CDIO,2023-02-28,199.67,CDIO_2023-02-28_199.67,368057,10,full_window,True,False,False,False,False,False,False
SEV,2022-04-19,90.22,SEV_2022-04-19_90.22,338496,10,full_window,False,False,False,False,True,False,False
SIFY,2024-09-03,174.76,SIFY_2024-09-03_174.76,398298,10,full_window,True,False,False,False,False,False,False
SNDL,2020-12-21,37.73,SNDL_2020-12-21_37.73,455020,10,full_window,False,False,False,False,False,False,False
