ticker,date,fetch_status,fetch_detail,schema_fingerprint,has_sip_timestamp,has_participant_timestamp,timestamp_col_used,n_trades,unit_guess,pct_whole_second,granularity_ok,min_ts,max_ts,audit_status,PASS
AMPGW,2025-01-03,written,42,"[[""conditions"", null], [""decimal_size"", ""BYTE_ARRAY""], [""element"", ""INT64""], [""exchange"", ""INT64""], [""id"", ""BYTE_ARRAY""], [""list"", null], [""participant_timestamp"", ""INT64""], [""price"", ""DOUBLE""], [""schema"", null], [""sequence_number"", ""INT64""], [""sip_timestamp"", ""INT64""], [""size"", ""INT64""], [""tape"", ""INT64""], [""trf_id"", ""DOUBLE""], [""trf_timestamp"", ""DOUBLE""]]",True,True,sip_timestamp,42,ns,0.0,True,1735914600685589602,1735938000295689259,PASS,True
APRE,2025-01-03,written,1365,"[[""conditions"", null], [""decimal_size"", ""BYTE_ARRAY""], [""element"", ""INT64""], [""exchange"", ""INT64""], [""id"", ""BYTE_ARRAY""], [""list"", null], [""participant_timestamp"", ""INT64""], [""price"", ""DOUBLE""], [""schema"", null], [""sequence_number"", ""INT64""], [""sip_timestamp"", ""INT64""], [""size"", ""INT64""], [""tape"", ""INT64""], [""trf_id"", ""DOUBLE""], [""trf_timestamp"", ""DOUBLE""]]",True,True,sip_timestamp,1365,ns,0.0,True,1735911642148784776,1735951240466139810,PASS,True
AMBP,2025-04-24,written,32777,"[[""conditions"", null], [""decimal_size"", ""BYTE_ARRAY""], [""element"", ""INT64""], [""exchange"", ""INT64""], [""id"", ""BYTE_ARRAY""], [""list"", null], [""participant_timestamp"", ""INT64""], [""price"", ""DOUBLE""], [""schema"", null], [""sequence_number"", ""INT64""], [""sip_timestamp"", ""INT64""], [""size"", ""INT64""], [""tape"", ""INT64""], [""trf_id"", ""DOUBLE""], [""trf_timestamp"", ""DOUBLE""]]",True,True,sip_timestamp,32777,ns,0.0,True,1745487808508163072,1745538727867918592,PASS,True
ARBE,2025-01-03,written,23582,"[[""conditions"", null], [""decimal_size"", ""BYTE_ARRAY""], [""element"", ""INT64""], [""exchange"", ""INT64""], [""id"", ""BYTE_ARRAY""], [""list"", null], [""participant_timestamp"", ""INT64""], [""price"", ""DOUBLE""], [""schema"", null], [""sequence_number"", ""INT64""], [""sip_timestamp"", ""INT64""], [""size"", ""INT64""], [""tape"", ""INT64""], [""trf_id"", ""DOUBLE""], [""trf_timestamp"", ""DOUBLE""]]",True,True,sip_timestamp,23582,ns,0.0,True,1735895092006527734,1735952373896165337,PASS,True
AMSC,2025-07-31,written,69532,"[[""conditions"", null], [""decimal_size"", ""BYTE_ARRAY""], [""element"", ""INT64""], [""exchange"", ""INT64""], [""id"", ""BYTE_ARRAY""], [""list"", null], [""participant_timestamp"", ""INT64""], [""price"", ""DOUBLE""], [""schema"", null], [""sequence_number"", ""INT64""], [""sip_timestamp"", ""INT64""], [""size"", ""INT64""], [""tape"", ""INT64""], [""trf_id"", ""DOUBLE""], [""trf_timestamp"", ""DOUBLE""]]",True,True,sip_timestamp,69532,ns,0.0,True,1753948800014440523,1754006380562797968,PASS,True
ATRA,2025-01-03,written,5611,"[[""conditions"", null], [""decimal_size"", ""BYTE_ARRAY""], [""element"", ""INT64""], [""exchange"", ""INT64""], [""id"", ""BYTE_ARRAY""], [""list"", null], [""participant_timestamp"", ""INT64""], [""price"", ""DOUBLE""], [""schema"", null], [""sequence_number"", ""INT64""], [""sip_timestamp"", ""INT64""], [""size"", ""INT64""], [""tape"", ""INT64""], [""trf_id"", ""DOUBLE""], [""trf_timestamp"", ""DOUBLE""]]",True,True,sip_timestamp,5611,ns,0.0,True,1735896788129016602,1735951973980088408,PASS,True
ATOM,2025-01-03,written,20997,"[[""conditions"", null], [""decimal_size"", ""BYTE_ARRAY""], [""element"", ""INT64""], [""exchange"", ""INT64""], [""id"", ""BYTE_ARRAY""], [""list"", null], [""participant_timestamp"", ""INT64""], [""price"", ""DOUBLE""], [""schema"", null], [""sequence_number"", ""INT64""], [""sip_timestamp"", ""INT64""], [""size"", ""INT64""], [""tape"", ""INT64""], [""trf_id"", ""DOUBLE""], [""trf_timestamp"", ""DOUBLE""]]",True,True,sip_timestamp,20997,ns,0.0,True,1735895635591267552,1735952397339340719,PASS,True
AIRO,2025-06-16,written,134695,"[[""conditions"", null], [""correction"", ""DOUBLE""], [""decimal_size"", ""BYTE_ARRAY""], [""element"", ""INT64""], [""exchange"", ""INT64""], [""id"", ""BYTE_ARRAY""], [""list"", null], [""participant_timestamp"", ""INT64""], [""price"", ""DOUBLE""], [""schema"", null], [""sequence_number"", ""INT64""], [""sip_timestamp"", ""INT64""], [""size"", ""INT64""], [""tape"", ""INT64""], [""trf_id"", ""DOUBLE""], [""trf_timestamp"", ""DOUBLE""]]",True,True,sip_timestamp,134695,ns,0.0,True,1750060800067012695,1750118396406156787,PASS,True
BGLC,2025-01-03,written,12500,"[[""conditions"", null], [""decimal_size"", ""BYTE_ARRAY""], [""element"", ""INT64""], [""exchange"", ""INT64""], [""id"", ""BYTE_ARRAY""], [""list"", null], [""participant_timestamp"", ""INT64""], [""price"", ""DOUBLE""], [""schema"", null], [""sequence_number"", ""INT64""], [""sip_timestamp"", ""INT64""], [""size"", ""INT64""], [""tape"", ""INT64""], [""trf_id"", ""DOUBLE""], [""trf_timestamp"", ""DOUBLE""]]",True,True,sip_timestamp,12500,ns,0.0,True,1735894800025602483,1735952258360448879,PASS,True
BKYI,2025-01-03,written,2292,"[[""conditions"", null], [""decimal_size"", ""BYTE_ARRAY""], [""element"", ""INT64""], [""exchange"", ""INT64""], [""id"", ""BYTE_ARRAY""], [""list"", null], [""participant_timestamp"", ""INT64""], [""price"", ""DOUBLE""], [""schema"", null], [""sequence_number"", ""INT64""], [""sip_timestamp"", ""INT64""], [""size"", ""INT64""], [""tape"", ""INT64""], [""trf_id"", ""DOUBLE""], [""trf_timestamp"", ""DOUBLE""]]",True,True,sip_timestamp,2292,ns,0.0,True,1735895081057185597,1735951463479807779,PASS,True
BDMD,2025-01-03,written,36448,"[[""conditions"", null], [""decimal_size"", ""BYTE_ARRAY""], [""element"", ""INT64""], [""exchange"", ""INT64""], [""id"", ""BYTE_ARRAY""], [""list"", null], [""participant_timestamp"", ""INT64""], [""price"", ""DOUBLE""], [""schema"", null], [""sequence_number"", ""INT64""], [""sip_timestamp"", ""INT64""], [""size"", ""INT64""], [""tape"", ""INT64""], [""trf_id"", ""DOUBLE""], [""trf_timestamp"", ""DOUBLE""]]",True,True,sip_timestamp,36448,ns,0.0,True,1735894800012657683,1735952318604929103,PASS,True
CCM,2025-01-03,written,1551,"[[""conditions"", null], [""decimal_size"", ""BYTE_ARRAY""], [""element"", ""INT64""], [""exchange"", ""INT64""], [""id"", ""BYTE_ARRAY""], [""list"", null], [""participant_timestamp"", ""INT64""], [""price"", ""DOUBLE""], [""schema"", null], [""sequence_number"", ""INT64""], [""sip_timestamp"", ""INT64""], [""size"", ""INT64""], [""tape"", ""INT64""], [""trf_id"", ""DOUBLE""], [""trf_timestamp"", ""DOUBLE""]]",True,True,sip_timestamp,1551,ns,0.0,True,1735910836171889408,1735948800001595136,PASS,True
CHEK,2025-01-03,written,54451,"[[""conditions"", null], [""decimal_size"", ""BYTE_ARRAY""], [""element"", ""INT64""], [""exchange"", ""INT64""], [""id"", ""BYTE_ARRAY""], [""list"", null], [""participant_timestamp"", ""INT64""], [""price"", ""DOUBLE""], [""schema"", null], [""sequence_number"", ""INT64""], [""sip_timestamp"", ""INT64""], [""size"", ""INT64""], [""tape"", ""INT64""], [""trf_id"", ""DOUBLE""], [""trf_timestamp"", ""DOUBLE""]]",True,True,sip_timestamp,54451,ns,0.0,True,1735894800000798832,1735952366564685160,PASS,True
CIFRW,2025-01-03,written,139,"[[""conditions"", null], [""decimal_size"", ""BYTE_ARRAY""], [""element"", ""INT64""], [""exchange"", ""INT64""], [""id"", ""BYTE_ARRAY""], [""list"", null], [""participant_timestamp"", ""INT64""], [""price"", ""DOUBLE""], [""schema"", null], [""sequence_number"", ""INT64""], [""sip_timestamp"", ""INT64""], [""size"", ""INT64""], [""tape"", ""INT64""], [""trf_id"", ""DOUBLE""], [""trf_timestamp"", ""DOUBLE""]]",True,True,sip_timestamp,139,ns,0.0,True,1735914601266010591,1735938000427255595,PASS,True
AUR,2025-02-13,written,157573,"[[""conditions"", null], [""correction"", ""DOUBLE""], [""decimal_size"", ""BYTE_ARRAY""], [""element"", ""INT64""], [""exchange"", ""INT64""], [""id"", ""BYTE_ARRAY""], [""list"", null], [""participant_timestamp"", ""INT64""], [""price"", ""DOUBLE""], [""schema"", null], [""sequence_number"", ""INT64""], [""sip_timestamp"", ""INT64""], [""size"", ""DOUBLE""], [""tape"", ""INT64""], [""trf_id"", ""DOUBLE""], [""trf_timestamp"", ""DOUBLE""]]",True,True,sip_timestamp,157573,ns,0.0,True,1739437200019466717,1739494774010136949,PASS,True
CLRO,2025-01-03,written,11233,"[[""conditions"", null], [""decimal_size"", ""BYTE_ARRAY""], [""element"", ""INT64""], [""exchange"", ""INT64""], [""id"", ""BYTE_ARRAY""], [""list"", null], [""participant_timestamp"", ""INT64""], [""price"", ""DOUBLE""], [""schema"", null], [""sequence_number"", ""INT64""], [""sip_timestamp"", ""INT64""], [""size"", ""INT64""], [""tape"", ""INT64""], [""trf_id"", ""DOUBLE""], [""trf_timestamp"", ""DOUBLE""]]",True,True,sip_timestamp,11233,ns,0.0,True,1735895345354947610,1735952362113506293,PASS,True
BNGO,2025-01-03,written,71102,"[[""conditions"", null], [""decimal_size"", ""BYTE_ARRAY""], [""element"", ""INT64""], [""exchange"", ""INT64""], [""id"", ""BYTE_ARRAY""], [""list"", null], [""participant_timestamp"", ""INT64""], [""price"", ""DOUBLE""], [""schema"", null], [""sequence_number"", ""INT64""], [""sip_timestamp"", ""INT64""], [""size"", ""INT64""], [""tape"", ""INT64""], [""trf_id"", ""DOUBLE""], [""trf_timestamp"", ""DOUBLE""]]",True,True,sip_timestamp,71102,ns,0.0,True,1735894800020878040,1735952399028650390,PASS,True
CMCT,2025-04-22,written,10411,"[[""conditions"", null], [""decimal_size"", ""BYTE_ARRAY""], [""element"", ""INT64""], [""exchange"", ""INT64""], [""id"", ""BYTE_ARRAY""], [""list"", null], [""participant_timestamp"", ""INT64""], [""price"", ""DOUBLE""], [""schema"", null], [""sequence_number"", ""INT64""], [""sip_timestamp"", ""INT64""], [""size"", ""INT64""], [""tape"", ""INT64""], [""trf_id"", ""DOUBLE""], [""trf_timestamp"", ""DOUBLE""]]",True,True,sip_timestamp,10411,ns,0.0,True,1745310288509787408,1745366318468524963,PASS,True
CTW,2025-09-23,written,12538,"[[""conditions"", null], [""decimal_size"", ""BYTE_ARRAY""], [""element"", ""INT64""], [""exchange"", ""INT64""], [""id"", ""BYTE_ARRAY""], [""list"", null], [""participant_timestamp"", ""INT64""], [""price"", ""DOUBLE""], [""schema"", null], [""sequence_number"", ""INT64""], [""sip_timestamp"", ""INT64""], [""size"", ""INT64""], [""tape"", ""INT64""], [""trf_id"", ""DOUBLE""], [""trf_timestamp"", ""DOUBLE""]]",True,True,sip_timestamp,12538,ns,0.0,True,1758614400038385341,1758671974901135190,PASS,True
DNOW,2025-02-13,written,23529,"[[""conditions"", null], [""decimal_size"", ""BYTE_ARRAY""], [""element"", ""INT64""], [""exchange"", ""INT64""], [""id"", ""BYTE_ARRAY""], [""list"", null], [""participant_timestamp"", ""INT64""], [""price"", ""DOUBLE""], [""schema"", null], [""sequence_number"", ""INT64""], [""sip_timestamp"", ""INT64""], [""size"", ""INT64""], [""tape"", ""INT64""], [""trf_id"", ""DOUBLE""], [""trf_timestamp"", ""DOUBLE""]]",True,True,sip_timestamp,23529,ns,0.0,True,1739447108126594560,1739492316791997184,PASS,True
DOCN,2025-08-05,written,111875,"[[""conditions"", null], [""decimal_size"", ""BYTE_ARRAY""], [""element"", ""INT64""], [""exchange"", ""INT64""], [""id"", ""BYTE_ARRAY""], [""list"", null], [""participant_timestamp"", ""INT64""], [""price"", ""DOUBLE""], [""schema"", null], [""sequence_number"", ""INT64""], [""sip_timestamp"", ""INT64""], [""size"", ""INT64""], [""tape"", ""INT64""], [""trf_id"", ""DOUBLE""], [""trf_timestamp"", ""DOUBLE""]]",True,True,sip_timestamp,111875,ns,0.0,True,1754380800022427827,1754438339082611848,PASS,True
EDUC,2025-09-17,written,76660,"[[""conditions"", null], [""decimal_size"", ""BYTE_ARRAY""], [""element"", ""INT64""], [""exchange"", ""INT64""], [""id"", ""BYTE_ARRAY""], [""list"", null], [""participant_timestamp"", ""INT64""], [""price"", ""DOUBLE""], [""schema"", null], [""sequence_number"", ""INT64""], [""sip_timestamp"", ""INT64""], [""size"", ""INT64""], [""tape"", ""INT64""], [""trf_id"", ""DOUBLE""], [""trf_timestamp"", ""DOUBLE""]]",True,True,sip_timestamp,76660,ns,0.0,True,1758096000002415109,1758153511685544085,PASS,True
ENTA,2025-02-13,written,14776,"[[""conditions"", null], [""decimal_size"", ""BYTE_ARRAY""], [""element"", ""INT64""], [""exchange"", ""INT64""], [""id"", ""BYTE_ARRAY""], [""list"", null], [""participant_timestamp"", ""INT64""], [""price"", ""DOUBLE""], [""schema"", null], [""sequence_number"", ""INT64""], [""sip_timestamp"", ""INT64""], [""size"", ""INT64""], [""tape"", ""INT64""], [""trf_id"", ""DOUBLE""], [""trf_timestamp"", ""DOUBLE""]]",True,True,sip_timestamp,14776,ns,0.0,True,1739437200012436471,1739494664212454645,PASS,True
GTN.A,2025-06-12,written,885,"[[""conditions"", null], [""decimal_size"", ""BYTE_ARRAY""], [""element"", ""INT64""], [""exchange"", ""INT64""], [""id"", ""BYTE_ARRAY""], [""list"", null], [""participant_timestamp"", ""INT64""], [""price"", ""DOUBLE""], [""schema"", null], [""sequence_number"", ""INT64""], [""sip_timestamp"", ""INT64""], [""size"", ""INT64""], [""tape"", ""INT64""], [""trf_id"", ""DOUBLE""], [""trf_timestamp"", ""DOUBLE""]]",True,True,sip_timestamp,885,ns,0.0,True,1749729600387066679,1749769200003454139,PASS,True
CXAI,2025-04-04,written,225586,"[[""conditions"", null], [""decimal_size"", ""BYTE_ARRAY""], [""element"", ""INT64""], [""exchange"", ""INT64""], [""id"", ""BYTE_ARRAY""], [""list"", null], [""participant_timestamp"", ""INT64""], [""price"", ""DOUBLE""], [""schema"", null], [""sequence_number"", ""INT64""], [""sip_timestamp"", ""INT64""], [""size"", ""INT64""], [""tape"", ""INT64""], [""trf_id"", ""DOUBLE""], [""trf_timestamp"", ""DOUBLE""]]",True,True,sip_timestamp,225586,ns,0.0,True,1743753600026226406,1743811187728321765,PASS,True
LSE,2025-06-13,written,1181,"[[""conditions"", null], [""decimal_size"", ""BYTE_ARRAY""], [""element"", ""INT64""], [""exchange"", ""INT64""], [""id"", ""BYTE_ARRAY""], [""list"", null], [""participant_timestamp"", ""INT64""], [""price"", ""DOUBLE""], [""schema"", null], [""sequence_number"", ""INT64""], [""sip_timestamp"", ""INT64""], [""size"", ""INT64""], [""tape"", ""INT64""], [""trf_id"", ""DOUBLE""], [""trf_timestamp"", ""DOUBLE""]]",True,True,sip_timestamp,1181,ns,0.0,True,1749811633894133018,1749855448677142215,PASS,True
LC,2025-07-30,written,79963,"[[""conditions"", null], [""decimal_size"", ""BYTE_ARRAY""], [""element"", ""INT64""], [""exchange"", ""INT64""], [""id"", ""BYTE_ARRAY""], [""list"", null], [""participant_timestamp"", ""INT64""], [""price"", ""DOUBLE""], [""schema"", null], [""sequence_number"", ""INT64""], [""sip_timestamp"", ""INT64""], [""size"", ""INT64""], [""tape"", ""INT64""], [""trf_id"", ""DOUBLE""], [""trf_timestamp"", ""DOUBLE""]]",True,True,sip_timestamp,79963,ns,0.0,True,1753862400016436260,1753919902814990523,PASS,True
AREB,2025-04-04,written,695417,"[[""conditions"", null], [""correction"", ""DOUBLE""], [""decimal_size"", ""BYTE_ARRAY""], [""element"", ""INT64""], [""exchange"", ""INT64""], [""id"", ""BYTE_ARRAY""], [""list"", null], [""participant_timestamp"", ""INT64""], [""price"", ""DOUBLE""], [""schema"", null], [""sequence_number"", ""INT64""], [""sip_timestamp"", ""INT64""], [""size"", ""INT64""], [""tape"", ""INT64""], [""trf_id"", ""DOUBLE""], [""trf_timestamp"", ""DOUBLE""]]",True,True,sip_timestamp,695417,ns,0.0,True,1743753600028600410,1743811199023141537,PASS,True
OESX,2025-08-06,written,3867,"[[""conditions"", null], [""decimal_size"", ""BYTE_ARRAY""], [""element"", ""INT64""], [""exchange"", ""INT64""], [""id"", ""BYTE_ARRAY""], [""list"", null], [""participant_timestamp"", ""INT64""], [""price"", ""DOUBLE""], [""schema"", null], [""sequence_number"", ""INT64""], [""sip_timestamp"", ""INT64""], [""size"", ""INT64""], [""tape"", ""INT64""], [""trf_id"", ""DOUBLE""], [""trf_timestamp"", ""DOUBLE""]]",True,True,sip_timestamp,3867,ns,0.0,True,1754467247904020534,1754522177209589849,PASS,True
PCTTU,2025-06-17,written,85,"[[""conditions"", null], [""decimal_size"", ""BYTE_ARRAY""], [""element"", ""INT64""], [""exchange"", ""INT64""], [""id"", ""BYTE_ARRAY""], [""list"", null], [""participant_timestamp"", ""INT64""], [""price"", ""DOUBLE""], [""schema"", null], [""sequence_number"", ""INT64""], [""sip_timestamp"", ""INT64""], [""size"", ""INT64""], [""tape"", ""INT64""], [""trf_id"", ""DOUBLE""], [""trf_timestamp"", ""DOUBLE""]]",True,True,sip_timestamp,85,ns,0.0,True,1750167001449799372,1750195720313978691,PASS,True
ODP,2025-09-22,written,37743,"[[""conditions"", null], [""decimal_size"", ""BYTE_ARRAY""], [""element"", ""INT64""], [""exchange"", ""INT64""], [""id"", ""BYTE_ARRAY""], [""list"", null], [""participant_timestamp"", ""INT64""], [""price"", ""DOUBLE""], [""schema"", null], [""sequence_number"", ""INT64""], [""sip_timestamp"", ""INT64""], [""size"", ""INT64""], [""tape"", ""INT64""], [""trf_id"", ""DOUBLE""], [""trf_timestamp"", ""DOUBLE""]]",True,True,sip_timestamp,37743,ns,0.0,True,1758533905576143829,1758583972796983729,PASS,True
GO,2025-08-06,written,182702,"[[""conditions"", null], [""decimal_size"", ""BYTE_ARRAY""], [""element"", ""INT64""], [""exchange"", ""INT64""], [""id"", ""BYTE_ARRAY""], [""list"", null], [""participant_timestamp"", ""INT64""], [""price"", ""DOUBLE""], [""schema"", null], [""sequence_number"", ""INT64""], [""sip_timestamp"", ""INT64""], [""size"", ""INT64""], [""tape"", ""INT64""], [""trf_id"", ""DOUBLE""], [""trf_timestamp"", ""DOUBLE""]]",True,True,sip_timestamp,182702,ns,0.0,True,1754467235252686614,1754524660929252221,PASS,True
MYGN,2025-08-06,written,104800,"[[""conditions"", null], [""decimal_size"", ""BYTE_ARRAY""], [""element"", ""INT64""], [""exchange"", ""INT64""], [""id"", ""BYTE_ARRAY""], [""list"", null], [""participant_timestamp"", ""INT64""], [""price"", ""DOUBLE""], [""schema"", null], [""sequence_number"", ""INT64""], [""sip_timestamp"", ""INT64""], [""size"", ""INT64""], [""tape"", ""INT64""], [""trf_id"", ""DOUBLE""], [""trf_timestamp"", ""DOUBLE""]]",True,True,sip_timestamp,104800,ns,0.0,True,1754467200017348561,1754524791759660967,PASS,True
RUBI,2025-08-05,written,71664,"[[""conditions"", null], [""decimal_size"", ""BYTE_ARRAY""], [""element"", ""INT64""], [""exchange"", ""INT64""], [""id"", ""BYTE_ARRAY""], [""list"", null], [""participant_timestamp"", ""INT64""], [""price"", ""DOUBLE""], [""schema"", null], [""sequence_number"", ""INT64""], [""sip_timestamp"", ""INT64""], [""size"", ""INT64""], [""tape"", ""INT64""], [""trf_id"", ""DOUBLE""], [""trf_timestamp"", ""DOUBLE""]]",True,True,sip_timestamp,71664,ns,0.0,True,1754380800030765474,1754438379636384109,PASS,True
PEGA,2025-04-23,written,66219,"[[""conditions"", null], [""decimal_size"", ""BYTE_ARRAY""], [""element"", ""INT64""], [""exchange"", ""INT64""], [""id"", ""BYTE_ARRAY""], [""list"", null], [""participant_timestamp"", ""INT64""], [""price"", ""DOUBLE""], [""schema"", null], [""sequence_number"", ""INT64""], [""sip_timestamp"", ""INT64""], [""size"", ""INT64""], [""tape"", ""INT64""], [""trf_id"", ""DOUBLE""], [""trf_timestamp"", ""DOUBLE""]]",True,True,sip_timestamp,66219,ns,0.0,True,1745395205271635451,1745452761083996790,PASS,True
SAGT,2025-04-24,written,619,"[[""conditions"", null], [""decimal_size"", ""BYTE_ARRAY""], [""element"", ""INT64""], [""exchange"", ""INT64""], [""id"", ""BYTE_ARRAY""], [""list"", null], [""participant_timestamp"", ""INT64""], [""price"", ""DOUBLE""], [""schema"", null], [""sequence_number"", ""INT64""], [""sip_timestamp"", ""INT64""], [""size"", ""INT64""], [""tape"", ""INT64""], [""trf_id"", ""DOUBLE""], [""trf_timestamp"", ""DOUBLE""]]",True,True,sip_timestamp,619,ns,0.0,True,1745501401268412668,1745539137632628785,PASS,True
SOPA,2025-02-13,written,16018,"[[""conditions"", null], [""decimal_size"", ""BYTE_ARRAY""], [""element"", ""INT64""], [""exchange"", ""INT64""], [""id"", ""BYTE_ARRAY""], [""list"", null], [""participant_timestamp"", ""INT64""], [""price"", ""DOUBLE""], [""schema"", null], [""sequence_number"", ""INT64""], [""sip_timestamp"", ""INT64""], [""size"", ""INT64""], [""tape"", ""INT64""], [""trf_id"", ""DOUBLE""], [""trf_timestamp"", ""DOUBLE""]]",True,True,sip_timestamp,16018,ns,0.0,True,1739437224326741845,1739494781898966121,PASS,True
SEAT,2025-08-06,written,23489,"[[""conditions"", null], [""decimal_size"", ""BYTE_ARRAY""], [""element"", ""INT64""], [""exchange"", ""INT64""], [""id"", ""BYTE_ARRAY""], [""list"", null], [""participant_timestamp"", ""INT64""], [""price"", ""DOUBLE""], [""schema"", null], [""sequence_number"", ""INT64""], [""sip_timestamp"", ""INT64""], [""size"", ""INT64""], [""tape"", ""INT64""], [""trf_id"", ""DOUBLE""], [""trf_timestamp"", ""DOUBLE""]]",True,True,sip_timestamp,23489,ns,0.0,True,1754486538040103799,1754524647319033740,PASS,True
PLUG,2025-06-09,written,119602,"[[""conditions"", null], [""correction"", ""DOUBLE""], [""decimal_size"", ""BYTE_ARRAY""], [""element"", ""INT64""], [""exchange"", ""INT64""], [""id"", ""BYTE_ARRAY""], [""list"", null], [""participant_timestamp"", ""INT64""], [""price"", ""DOUBLE""], [""schema"", null], [""sequence_number"", ""INT64""], [""sip_timestamp"", ""INT64""], [""size"", ""DOUBLE""], [""tape"", ""INT64""], [""trf_id"", ""DOUBLE""], [""trf_timestamp"", ""DOUBLE""]]",True,True,sip_timestamp,119602,ns,0.0,True,1749456000016245777,1749513598229920795,PASS,True
SPAI,2025-02-13,written,7293,"[[""conditions"", null], [""decimal_size"", ""BYTE_ARRAY""], [""element"", ""INT64""], [""exchange"", ""INT64""], [""id"", ""BYTE_ARRAY""], [""list"", null], [""participant_timestamp"", ""INT64""], [""price"", ""DOUBLE""], [""schema"", null], [""sequence_number"", ""INT64""], [""sip_timestamp"", ""INT64""], [""size"", ""INT64""], [""tape"", ""INT64""], [""trf_id"", ""DOUBLE""], [""trf_timestamp"", ""DOUBLE""]]",True,True,sip_timestamp,7293,ns,0.0,True,1739437413878087163,1739494686695134262,PASS,True
TCMD,2025-08-05,written,16118,"[[""conditions"", null], [""decimal_size"", ""BYTE_ARRAY""], [""element"", ""INT64""], [""exchange"", ""INT64""], [""id"", ""BYTE_ARRAY""], [""list"", null], [""participant_timestamp"", ""INT64""], [""price"", ""DOUBLE""], [""schema"", null], [""sequence_number"", ""INT64""], [""sip_timestamp"", ""INT64""], [""size"", ""INT64""], [""tape"", ""INT64""], [""trf_id"", ""DOUBLE""], [""trf_timestamp"", ""DOUBLE""]]",True,True,sip_timestamp,16118,ns,0.0,True,1754380871305302511,1754436629252133414,PASS,True
XHG,2025-02-13,written,50554,"[[""conditions"", null], [""decimal_size"", ""BYTE_ARRAY""], [""element"", ""INT64""], [""exchange"", ""INT64""], [""id"", ""BYTE_ARRAY""], [""list"", null], [""participant_timestamp"", ""INT64""], [""price"", ""DOUBLE""], [""schema"", null], [""sequence_number"", ""INT64""], [""sip_timestamp"", ""INT64""], [""size"", ""INT64""], [""tape"", ""INT64""], [""trf_id"", ""DOUBLE""], [""trf_timestamp"", ""DOUBLE""]]",True,True,sip_timestamp,50554,ns,0.0,True,1739437320822432983,1739494794066456162,PASS,True
TDW,2025-08-05,written,64217,"[[""conditions"", null], [""decimal_size"", ""BYTE_ARRAY""], [""element"", ""INT64""], [""exchange"", ""INT64""], [""id"", ""BYTE_ARRAY""], [""list"", null], [""participant_timestamp"", ""INT64""], [""price"", ""DOUBLE""], [""schema"", null], [""sequence_number"", ""INT64""], [""sip_timestamp"", ""INT64""], [""size"", ""INT64""], [""tape"", ""INT64""], [""trf_id"", ""DOUBLE""], [""trf_timestamp"", ""DOUBLE""]]",True,True,sip_timestamp,64217,ns,0.0,True,1754380937685810600,1754438367748242248,PASS,True
XRTX,2025-02-27,written,2759,"[[""conditions"", null], [""decimal_size"", ""BYTE_ARRAY""], [""element"", ""INT64""], [""exchange"", ""INT64""], [""id"", ""BYTE_ARRAY""], [""list"", null], [""participant_timestamp"", ""INT64""], [""price"", ""DOUBLE""], [""schema"", null], [""sequence_number"", ""INT64""], [""sip_timestamp"", ""INT64""], [""size"", ""INT64""], [""tape"", ""INT64""], [""trf_id"", ""DOUBLE""], [""trf_timestamp"", ""DOUBLE""]]",True,True,sip_timestamp,2759,ns,0.0,True,1740662177752260031,1740704325012591081,PASS,True
STAA,2025-08-05,written,109630,"[[""conditions"", null], [""correction"", ""DOUBLE""], [""decimal_size"", ""BYTE_ARRAY""], [""element"", ""INT64""], [""exchange"", ""INT64""], [""id"", ""BYTE_ARRAY""], [""list"", null], [""participant_timestamp"", ""INT64""], [""price"", ""DOUBLE""], [""schema"", null], [""sequence_number"", ""INT64""], [""sip_timestamp"", ""INT64""], [""size"", ""INT64""], [""tape"", ""INT64""], [""trf_id"", ""DOUBLE""], [""trf_timestamp"", ""DOUBLE""]]",True,True,sip_timestamp,109630,ns,0.0,True,1754380800030686052,1754438390886770195,PASS,True
SAFX,2025-06-17,written,217628,"[[""conditions"", null], [""decimal_size"", ""BYTE_ARRAY""], [""element"", ""INT64""], [""exchange"", ""INT64""], [""id"", ""BYTE_ARRAY""], [""list"", null], [""participant_timestamp"", ""INT64""], [""price"", ""DOUBLE""], [""schema"", null], [""sequence_number"", ""INT64""], [""sip_timestamp"", ""INT64""], [""size"", ""INT64""], [""tape"", ""INT64""], [""trf_id"", ""DOUBLE""], [""trf_timestamp"", ""DOUBLE""]]",True,True,sip_timestamp,217628,ns,0.0,True,1750147204205206859,1750204799523057342,PASS,True
ACON,2025-01-03,written,231292,"[[""conditions"", null], [""decimal_size"", ""BYTE_ARRAY""], [""element"", ""INT64""], [""exchange"", ""INT64""], [""id"", ""BYTE_ARRAY""], [""list"", null], [""participant_timestamp"", ""INT64""], [""price"", ""DOUBLE""], [""schema"", null], [""sequence_number"", ""INT64""], [""sip_timestamp"", ""INT64""], [""size"", ""INT64""], [""tape"", ""INT64""], [""trf_id"", ""DOUBLE""], [""trf_timestamp"", ""DOUBLE""]]",True,True,sip_timestamp,231292,ns,0.0,True,1735895582431150274,1735952397385758653,PASS,True
