ticker,date
AACG,2025-07-21
AACG,2025-07-30
AACG,2025-07-31
AACG,2025-08-04
AAME,2025-08-14
AAOI,2025-03-14
AAOI,2025-04-09
AAP,2025-05-22
AAPB,2025-04-09
AAPU,2025-04-09
AARD,2025-02-20
ABAT,2025-04-29
ABAT,2025-07-21
ABAT,2025-10-13
ABAT,2025-10-20
ABEO,2025-04-30
ABLLL,2025-01-07
ABLV,2025-01-08
ABLV,2025-02-11
ABLV,2025-03-07
ABLV,2025-03-19
ABLV,2025-09-10
ABP,2025-05-15
ABP,2025-05-19
ABP,2025-05-28
ABP,2025-07-23
ABP,2025-07-28
ABSI,2025-01-08
ABSI,2025-01-22
ABTS,2025-04-14
ABTS,2025-04-25
ABTS,2025-05-09
ABTS,2025-07-02
ABTS,2025-07-11
ABTS,2025-09-19
ABTS,2025-09-22
ABVC,2025-04-01
ABVC,2025-04-07
ABVC,2025-07-08
ABVE,2025-04-28
ABVE,2025-04-29
ABVE,2025-04-30
ABVE,2025-05-01
ABVE,2025-05-13
ABVE,2025-05-22
ABVE,2025-06-16
ABVE,2025-07-07
ABVE,2025-07-10
ABVE,2025-07-11
ABVE,2025-07-17
ABVE,2025-09-24
ABVE,2025-10-08
ABVE,2025-10-23
ABVEW,2025-10-08
ABVEW,2025-10-16
ABVEW,2025-10-17
ABVEW,2025-10-27
ABVX,2025-07-23
ACAD,2025-05-16
ACB,2025-02-05
ACB,2025-09-29
ACCL,2025-10-24
ACCL,2025-10-31
ACHR.WS,2025-04-09
ACHR.WS,2025-05-13
ACHR.WS,2025-05-16
ACHR.WS,2025-10-06
ACHV,2025-10-17
ACOG,2025-05-16
ACON,2025-01-03
ACON,2025-01-24
ACON,2025-01-30
ACON,2025-02-04
ACON,2025-02-28
ACON,2025-03-03
ACON,2025-03-05
ACON,2025-03-14
ACON,2025-03-17
ACON,2025-10-13
ACRV,2025-02-05
ACRV,2025-04-15
ACRV,2025-09-08
ACXP,2025-01-06
ACXP,2025-06-17
ACXP,2025-08-28
ACXP,2025-10-08
ADAG,2025-08-06
ADAG,2025-09-09
ADCT,2025-05-14
ADGM,2025-04-17
ADGM,2025-08-27
ADIL,2025-02-25
ADIL,2025-05-02
ADPT,2025-05-02
ADSEW,2025-05-09
ADSEW,2025-05-16
ADSEW,2025-06-04
ADSEW,2025-06-10
ADSEW,2025-07-18
ADSEW,2025-08-29
ADSEW,2025-09-30
ADSEW,2025-10-20
ADTX,2025-01-15
ADTX,2025-01-16
ADTX,2025-02-18
ADTX,2025-02-19
ADTX,2025-03-05
ADTX,2025-03-18
ADTX,2025-03-19
ADTX,2025-04-17
ADTX,2025-06-25
ADVB,2025-04-28
ADVB,2025-05-12
ADVM,2025-09-19
ADVM,2025-09-23
ADXN,2025-02-24
ADXN,2025-06-06
ADXN,2025-09-12
ADXN,2025-10-17
AEBI,2025-07-03
AEHL,2025-02-12
AEHL,2025-04-04
AEHL,2025-04-09
AEHL,2025-04-11
AEHL,2025-04-22
AEHL,2025-07-29
AEHL,2025-08-14
AEHL,2025-09-10
AEHR,2025-04-09
AEHR,2025-07-22
AEHR,2025-08-25
AEI,2025-06-30
AEI,2025-09-03
AEI,2025-09-08
AEI,2025-09-11
AEI,2025-09-16
AEMD,2025-07-09
AEMD,2025-08-21
AEMD,2025-08-28
AEO,2025-09-04
AERT,2025-06-10
AERT,2025-06-16
AERT,2025-08-14
AERT,2025-09-18
AEVA,2025-03-20
AEVAW,2025-06-27
AEVAW,2025-07-02
AFRIW,2025-01-30
AFRIW,2025-02-12
AGAE,2025-01-06
AGAE,2025-05-12
AGAE,2025-05-28
AGAE,2025-06-03
AGAE,2025-06-12
AGAE,2025-09-12
AGCC,2025-10-28
AGEN,2025-04-22
AGEN,2025-05-12
AGH,2025-02-19
AGH,2025-02-20
AGH,2025-02-26
AGH,2025-03-20
AGH,2025-07-23
AGH,2025-07-25
AGH,2025-08-11
AGH,2025-09-10
AGH,2025-09-26
AGH,2025-10-20
AGL,2025-04-08
AGMH,2025-03-06
AGMH,2025-04-02
AGMH,2025-04-23
AGMH,2025-04-25
AGMH,2025-04-28
AGMH,2025-05-05
AGMH,2025-05-16
AGMH,2025-06-04
AGMH,2025-09-09
AGMH,2025-09-10
AGMH,2025-09-19
AGRZ,2025-10-07
AGRZ,2025-10-08
AGRZ,2025-10-10
AGRZ,2025-10-16
AGRZ,2025-10-21
AGX,2025-03-28
AHG,2025-04-22
AHG,2025-07-09
AHMA,2025-10-29
AHT,2025-02-13
AI,2025-05-29
AIFF,2025-01-14
AIFF,2025-02-11
AIFF,2025-02-12
AIFF,2025-02-13
AIFF,2025-03-14
AIFF,2025-03-17
AIFF,2025-05-05
AIFF,2025-08-26
AIFU,2025-02-07
AIFU,2025-05-02
AIFU,2025-05-06
AIFU,2025-05-12
AIFU,2025-06-24
AIHS,2025-06-05
AIHS,2025-06-10
AIHS,2025-09-03
AIHS,2025-09-08
AIHS,2025-09-16
AIHS,2025-10-01
AIIO,2025-09-15
AIIO,2025-09-16
AIIO,2025-09-18
AIIO,2025-09-25
AIIO,2025-09-30
AIMD,2025-01-06
AIMD,2025-01-10
AIMD,2025-01-14
AIMD,2025-05-28
AIMD,2025-08-06
AIOT,2025-02-10
AIP,2025-08-05
AIP,2025-10-06
AIRE,2025-09-11
AIRE,2025-09-12
AIRE,2025-10-22
AIRE,2025-10-23
AIRG,2025-07-18
AIRJW,2025-02-13
AIRJW,2025-10-15
AIRO,2025-06-16
AIRO,2025-07-11
AIRS,2025-05-02
AISPW,2025-01-14
AISPW,2025-01-15
AISPW,2025-02-26
AISPW,2025-03-25
AISPW,2025-05-19
AISPW,2025-09-12
AISPW,2025-10-06
AISPW,2025-10-13
AKA,2025-05-14
AKA,2025-10-14
AKAN,2025-08-01
AKAN,2025-09-29
AKAN,2025-10-01
AKBA,2025-03-14
AKRO,2025-01-27
AKTX,2025-03-20
AKTX,2025-09-24
ALAB,2025-08-06
ALAR,2025-06-09
ALBT,2025-02-26
ALBT,2025-03-14
ALBT,2025-03-19
ALBT,2025-04-16
ALBT,2025-07-28
ALDFW,2025-10-17
ALDX,2025-04-04
ALEC,2025-08-08
ALLO,2025-02-14
ALLO,2025-02-18
ALLO,2025-02-19
ALLR,2025-01-08
ALLR,2025-01-23
ALLR,2025-01-27
ALLR,2025-08-26
ALMS,2025-03-25
ALMS,2025-03-26
ALMS,2025-04-02
ALMU,2025-04-28
ALMU,2025-06-25
ALUR,2025-01-14
ALUR,2025-01-24
ALUR,2025-03-21
ALUR,2025-05-14
ALVOW,2025-01-08
ALVOW,2025-03-11
ALVOW,2025-03-13
ALVOW,2025-03-21
ALVOW,2025-04-09
ALVOW,2025-05-08
ALVOW,2025-06-02
ALVOW,2025-07-24
ALVOW,2025-07-25
ALVOW,2025-08-12
ALVOW,2025-08-18
ALVOW,2025-09-23
ALVOW,2025-09-30
ALVOW,2025-10-22
ALVOW,2025-10-23
ALVOW,2025-10-30
ALXO,2025-03-06
ALXO,2025-08-18
ALZN,2025-03-17
ALZN,2025-05-29
AMBA,2025-08-29
AMBP,2025-04-24
AMBQ,2025-07-31
AMCX,2025-08-08
AMD,2025-10-06
AMDG,2025-04-09
AMDG,2025-10-06
AMDL,2025-04-09
AMDL,2025-10-06
AMDU,2025-10-06
AMIX,2025-06-27
AMIX,2025-07-21
AMLX,2025-06-24
AMOD,2025-01-17
AMOD,2025-01-30
AMOD,2025-02-13
AMOD,2025-03-12
AMOD,2025-07-23
AMPGW,2025-01-03
AMPGW,2025-01-06
AMPGW,2025-01-10
AMPGW,2025-01-14
AMPGW,2025-01-31
AMPGW,2025-02-04
AMPX,2025-01-10
AMPX,2025-03-21
AMPX.WS,2025-07-08
AMPX.WS,2025-07-09
AMPX.WS,2025-07-10
AMPX.WS,2025-08-04
AMPX.WS,2025-08-08
AMPX.WS,2025-10-15
AMRC,2025-05-06
AMRC,2025-08-05
AMRN,2025-06-24
AMSC,2025-02-06
AMSC,2025-07-31
AMST,2025-02-27
AMST,2025-05-16
AMST,2025-09-11
AMTD,2025-10-31
AMUU,2025-04-09
AMUU,2025-10-06
ANAB,2025-02-12
ANAB,2025-09-30
ANEB,2025-03-10
ANEB,2025-03-11
ANEB,2025-07-01
ANEB,2025-07-02
ANEB,2025-07-23
ANF,2025-05-28
ANGH,2025-07-14
ANGH,2025-07-28
ANGI,2025-05-07
ANGO,2025-01-08
ANGX,2025-09-12
ANGX,2025-09-15
ANGX,2025-09-29
ANGX,2025-10-01
ANNA,2025-01-10
ANNA,2025-03-20
ANNA,2025-04-16
ANNX,2025-03-17
ANPA,2025-07-09
ANPA,2025-07-15
ANPA,2025-07-17
ANPA,2025-07-18
ANPA,2025-07-21
ANPA,2025-07-23
ANPA,2025-07-24
ANPA,2025-07-29
ANRO,2025-10-03
ANRO,2025-10-20
ANSCW,2025-02-11
ANVS,2025-04-21
ANVS,2025-06-04
APED,2025-04-09
APEI,2025-03-07
APLD,2025-06-02
APLD,2025-06-04
APLD,2025-07-31
APLD,2025-10-10
APLM,2025-03-20
APLM,2025-05-21
APLM,2025-07-21
APLM,2025-09-04
APLM,2025-09-15
APLM,2025-09-16
APLM,2025-09-17
APLM,2025-10-15
APLM,2025-10-16
APLM,2025-10-31
APLT,2025-09-26
APM,2025-02-10
APM,2025-04-15
APM,2025-06-04
APM,2025-07-16
APM,2025-08-21
APM,2025-09-30
APP,2025-02-13
APPS,2025-02-06
APPS,2025-04-09
APPS,2025-06-17
APPX,2025-05-08
APPX,2025-08-07
APRE,2025-01-03
APVO,2025-04-02
APVO,2025-04-03
APVO,2025-04-21
APVO,2025-05-21
APVO,2025-06-18
APVO,2025-09-16
APVO,2025-09-18
APVO,2025-10-07
APYX,2025-05-13
AQB,2025-03-26
AQB,2025-08-28
AQB,2025-09-18
AQMS,2025-06-10
AQMS,2025-07-09
AQMS,2025-09-24
AQMS,2025-09-26
AQMS,2025-10-13
AQMS,2025-10-14
AQMS,2025-10-16
AQMS,2025-10-30
ARAI,2025-05-28
ARAI,2025-06-10
ARAI,2025-10-06
ARAI,2025-10-14
ARBB,2025-01-06
ARBB,2025-02-28
ARBB,2025-03-05
ARBB,2025-03-07
ARBB,2025-04-14
ARBB,2025-04-15
ARBB,2025-09-19
ARBB,2025-09-22
ARBB,2025-10-30
ARBE,2025-01-03
ARBE,2025-01-06
ARBE,2025-09-22
ARBEW,2025-01-07
ARBKL,2025-07-01
ARBKL,2025-07-14
ARBKL,2025-08-15
ARCT,2025-08-12
ARCT,2025-08-13
ARDX,2025-10-31
AREB,2025-01-07
AREB,2025-03-12
AREB,2025-03-19
AREB,2025-03-26
AREB,2025-04-01
AREB,2025-04-02
AREB,2025-04-04
AREB,2025-04-10
AREB,2025-04-11
AREB,2025-04-14
AREB,2025-04-23
AREB,2025-04-24
AREB,2025-05-06
AREB,2025-09-23
AREB,2025-09-26
AREB,2025-10-08
AREB,2025-10-22
AREB,2025-10-23
AREC,2025-04-16
AREC,2025-04-17
AREC,2025-07-10
AREC,2025-10-14
ARHS,2025-08-07
ARMG,2025-01-22
ARMG,2025-04-09
ARQQ,2025-01-15
ARQQ,2025-01-16
ARQQ,2025-03-17
ARQQ,2025-05-19
ARQQ,2025-05-27
ARQQW,2025-03-07
ARQQW,2025-03-14
ARQQW,2025-03-17
ARQQW,2025-03-31
ARQQW,2025-04-22
ARQQW,2025-09-19
ARQQW,2025-09-22
ARQQW,2025-09-24
ARQQW,2025-09-29
ARQQW,2025-10-02
ARQQW,2025-10-03
ARQT,2025-10-28
ARTL,2025-04-14
ARTL,2025-06-30
ARTL,2025-07-02
ARTL,2025-07-07
ARTL,2025-07-08
ARTL,2025-07-09
ARTL,2025-07-10
ARTV,2025-04-07
ARTV,2025-10-17
ASMG,2025-04-09
ASNS,2025-03-18
ASNS,2025-09-02
ASNS,2025-10-03
ASNS,2025-10-07
ASPI,2025-10-13
ASPS,2025-01-08
ASPS,2025-04-03
ASST,2025-01-21
ASST,2025-01-22
ASST,2025-05-07
ASST,2025-05-08
ASST,2025-05-15
ASST,2025-05-21
ASST,2025-05-22
ASST,2025-07-07
ASST,2025-08-11
ASST,2025-09-10
ASST,2025-10-24
ASST,2025-10-27
ASTC,2025-10-03
ASTH,2025-08-08
ASTI,2025-06-26
ASTI,2025-06-27
ASTLW,2025-02-18
ATAI,2025-07-01
ATEC,2025-08-01
ATER,2025-02-04
ATER,2025-03-19
ATEX,2025-02-11
ATGL,2025-02-11
ATGL,2025-02-19
ATGL,2025-03-07
ATGL,2025-03-18
ATGL,2025-08-20
ATGL,2025-08-25
ATHE,2025-01-30
ATHE,2025-05-05
ATHE,2025-07-11
ATHR,2025-05-21
ATHR,2025-07-24
ATLN,2025-01-06
ATLN,2025-03-03
ATLN,2025-03-04
ATLN,2025-03-10
ATLN,2025-08-08
ATLN,2025-08-12
ATLN,2025-08-15
ATLX,2025-08-04
ATMV,2025-09-08
ATMV,2025-09-10
ATMV,2025-09-11
ATMV,2025-09-19
ATMV,2025-10-21
ATMVU,2025-09-08
ATMVU,2025-09-18
ATMVU,2025-09-19
ATOM,2025-01-03
ATON,2025-09-08
ATON,2025-10-08
ATPC,2025-01-13
ATPC,2025-01-23
ATPC,2025-02-24
ATPC,2025-04-03
ATPC,2025-04-07
ATPC,2025-05-16
ATRA,2025-01-03
ATXG,2025-04-29
ATXG,2025-05-15
ATXG,2025-07-02
ATXG,2025-09-22
ATXS,2025-10-14
ATYR,2025-07-23
AUID,2025-03-20
AUID,2025-04-02
AUID,2025-09-26
AUR,2025-01-07
AUR,2025-02-13
AUROW,2025-01-07
AUROW,2025-02-13
AUROW,2025-03-03
AUROW,2025-05-02
AUUD,2025-02-19
AUUD,2025-04-04
AUUD,2025-04-08
AUUD,2025-04-21
AUUD,2025-06-27
AUUD,2025-08-05
AUUD,2025-08-11
AUUD,2025-08-20
AVAH,2025-03-13
AVAH,2025-08-07
AVGG,2025-09-05
AVGU,2025-09-05
AVGX,2025-04-09
AVGX,2025-09-05
AVL,2025-04-09
AVL,2025-09-05
AVNW,2025-02-05
AVR,2025-04-23
AVR,2025-05-27
AVTX,2025-02-24
AVTX,2025-09-29
AXTI,2025-06-12
AXTI,2025-10-31
AYTU,2025-05-15
AYTU,2025-06-06
AZI,2025-04-29
BACQR,2025-10-08
BACQR,2025-10-23
BAER,2025-01-08
BAER,2025-01-10
BAIG,2025-09-16
BAIG,2025-09-23
BAIG,2025-10-10
BAIG,2025-10-13
BALY,2025-03-10
BALY,2025-04-09
BALY,2025-07-01
BAOS,2025-01-06
BAOS,2025-01-31
BAOS,2025-03-17
BAOS,2025-03-18
BAOS,2025-04-21
BAOS,2025-05-12
BAOS,2025-06-04
BAOS,2025-09-03
BAOS,2025-10-09
BBAI,2025-02-05
BBAI,2025-02-07
BBAI.WS,2025-01-16
BBAI.WS,2025-02-04
BBAI.WS,2025-02-05
BBAI.WS,2025-02-07
BBAI.WS,2025-02-12
BBAI.WS,2025-04-25
BBAI.WS,2025-05-14
BBAI.WS,2025-05-27
BBAI.WS,2025-06-24
BBAI.WS,2025-06-30
BBAI.WS,2025-09-16
BBAI.WS,2025-10-13
BBAR,2025-10-27
BBBY,2025-10-02
BBLG,2025-05-20
BBLG,2025-06-27
BBLG,2025-09-04
BBLGW,2025-02-05
BCAX,2025-09-29
BCDA,2025-03-03
BCDA,2025-04-29
BCG,2025-02-27
BCTX,2025-02-03
BCTX,2025-04-22
BCTX,2025-04-24
BDMD,2025-01-03
BDMD,2025-01-06
BDMD,2025-01-13
BDMD,2025-01-17
BDMD,2025-01-23
BDMD,2025-03-11
BDMD,2025-03-12
BDMD,2025-06-13
BDMD,2025-08-14
BDRX,2025-02-10
BDRX,2025-03-10
BDRX,2025-03-19
BDRX,2025-04-02
BDRX,2025-05-22
BDRX,2025-06-18
BDRX,2025-07-14
BDRX,2025-10-09
BDSX,2025-03-05
BDSX,2025-05-16
BDSX,2025-05-21
BDTX,2025-01-13
BDTX,2025-03-19
BE,2025-10-13
BEAT,2025-08-12
BEEM,2025-07-17
BEEM,2025-07-21
BEEP,2025-02-25
BENF,2025-09-30
BENF,2025-10-02
BENF,2025-10-22
BETR,2025-09-22
BETR,2025-09-23
BETR,2025-10-20
BETR,2025-10-23
BETRW,2025-09-22
BFLY,2025-10-31
BFRG,2025-02-10
BFRG,2025-04-11
BFRG,2025-10-08
BFRGW,2025-02-10
BFRGW,2025-02-13
BFRGW,2025-02-25
BFRI,2025-01-08
BGL,2025-06-27
BGL,2025-07-01
BGL,2025-07-02
BGL,2025-07-14
BGL,2025-07-22
BGL,2025-08-08
BGL,2025-09-17
BGLC,2025-01-03
BGLC,2025-01-14
BGLC,2025-04-07
BGLC,2025-04-11
BGLC,2025-05-30
BGLC,2025-07-01
BGLC,2025-07-17
BGLC,2025-07-30
BGLC,2025-09-12
BGM,2025-09-23
BGMSP,2025-09-22
BGMSP,2025-10-20
BGSF,2025-03-19
BGSF,2025-06-17
BHAT,2025-01-07
BHAT,2025-02-03
BHAT,2025-02-05
BHAT,2025-02-07
BHAT,2025-02-10
BHAT,2025-02-11
BHAT,2025-02-19
BHAT,2025-03-11
BHAT,2025-03-18
BHAT,2025-03-28
BHF,2025-09-19
BHR,2025-08-27
BHST,2025-09-12
BIAF,2025-04-01
BIAF,2025-05-16
BIAF,2025-05-20
BIAF,2025-05-28
BIAF,2025-06-26
BIAF,2025-07-02
BIAF,2025-09-15
BIAF,2025-09-26
BIAF,2025-10-08
BIOA,2025-10-23
BIOX,2025-10-15
BIVI,2025-05-02
BIYA,2025-03-27
BIYA,2025-04-14
BIYA,2025-04-17
BIYA,2025-04-21
BIYA,2025-05-07
BIYA,2025-06-20
BJDX,2025-01-24
BJDX,2025-02-25
BJDX,2025-04-04
BJDX,2025-04-07
BJDX,2025-04-10
BJDX,2025-06-06
BJDX,2025-08-11
BJDX,2025-10-07
BJDX,2025-10-09
BJDX,2025-10-14
BKHAR,2025-01-21
BKHAR,2025-01-30
BKHAR,2025-02-03
BKHAR,2025-03-13
BKHAR,2025-06-23
BKHAR,2025-07-14
BKKT,2025-03-05
BKKT,2025-03-20
BKKT,2025-04-09
BKKT,2025-05-13
BKKT,2025-07-02
BKKT,2025-09-22
BKKT,2025-09-29
BKKT,2025-09-30
BKKT,2025-10-02
BKSY,2025-01-28
BKSY,2025-05-08
BKYI,2025-01-03
BKYI,2025-01-10
BKYI,2025-01-15
BKYI,2025-10-27
BLBX,2025-01-22
BLBX,2025-01-28
BLBX,2025-10-08
BLBX,2025-10-13
BLBX,2025-10-14
BLIN,2025-01-06
BLIN,2025-04-02
BLIV,2025-04-09
BLIV,2025-04-23
BLIV,2025-07-30
BLMZ,2025-03-20
BLMZ,2025-05-01
BLMZ,2025-05-06
BLMZ,2025-05-15
BLMZ,2025-05-20
BLMZ,2025-05-23
BLMZ,2025-07-15
BLMZ,2025-07-22
BLMZ,2025-09-19
BLMZ,2025-10-08
BLMZ,2025-10-28
BLNE,2025-03-25
BLNE,2025-03-26
BLNE,2025-06-18
BLNE,2025-06-20
BLNE,2025-06-24
BLNE,2025-07-22
BLNE,2025-08-27
BLNE,2025-09-15
BLRX,2025-05-30
BMA,2025-10-27
BMEA,2025-06-03
BMEA,2025-10-06
BMGL,2025-05-14
BMGL,2025-05-15
BMGL,2025-05-16
BMGL,2025-05-30
BMGL,2025-06-02
BMGL,2025-06-03
BMGL,2025-07-07
BMGL,2025-07-09
BMGL,2025-07-14
BMRA,2025-01-16
BMRA,2025-02-10
BMRA,2025-02-18
BMRA,2025-08-14
BNAI,2025-02-10
BNBX,2025-10-22
BNC,2025-08-11
BNC,2025-08-13
BNGO,2025-01-03
BNGO,2025-04-10
BNGO,2025-05-15
BNR,2025-06-12
BNR,2025-07-23
BNR,2025-08-18
BNRG,2025-01-10
BNRG,2025-01-21
BNRG,2025-02-18
BNRG,2025-05-23
BNRG,2025-05-29
BNZI,2025-01-29
BNZI,2025-01-30
BNZI,2025-03-14
BNZI,2025-03-18
BNZI,2025-03-26
BNZI,2025-06-16
BNZI,2025-08-08
BODI,2025-01-16
BODI,2025-06-10
BODI,2025-08-06
BOF,2025-10-21
BOLT,2025-05-21
BON,2025-02-28
BON,2025-03-12
BON,2025-03-13
BON,2025-03-14
BON,2025-04-07
BON,2025-04-11
BON,2025-04-29
BON,2025-05-14
BON,2025-05-16
BON,2025-05-20
BON,2025-05-22
BON,2025-06-04
BON,2025-09-09
BOSC,2025-05-29
BOXL,2025-01-06
BOXL,2025-02-21
BOXL,2025-09-16
BOXL,2025-09-22
BRBI,2025-09-23
BRFH,2025-01-22
BRFH,2025-09-18
BRFH,2025-09-19
BRLS,2025-05-28
BRLS,2025-06-06
BRLS,2025-06-11
BRLS,2025-10-02
BRLT,2025-03-13
BRLT,2025-08-07
BRNS,2025-07-16
BRNS,2025-07-21
BRNS,2025-10-01
BROS,2025-02-13
BRRWW,2025-10-21
BSLK,2025-02-05
BSLK,2025-02-06
BSLK,2025-02-13
BSLK,2025-02-18
BSLK,2025-02-19
BSLK,2025-04-23
BSLK,2025-05-30
BSLK,2025-07-08
BSLK,2025-07-17
BSLK,2025-07-29
BSLK,2025-08-13
BSLK,2025-08-15
BSLK,2025-08-19
BSLK,2025-09-04
BTAI,2025-01-06
BTAI,2025-02-28
BTAI,2025-03-03
BTAI,2025-03-19
BTAI,2025-08-01
BTAI,2025-08-04
BTAI,2025-08-05
BTAI,2025-08-08
BTAI,2025-08-11
BTBD,2025-08-04
BTBD,2025-09-03
BTBT,2025-07-07
BTCS,2025-01-17
BTCS,2025-05-09
BTCS,2025-07-08
BTCS,2025-07-16
BTCS,2025-07-18
BTCT,2025-01-17
BTCT,2025-01-23
BTCT,2025-03-03
BTDR,2025-10-15
BTM,2025-05-15
BTM,2025-05-16
BTOC,2025-05-13
BTOG,2025-07-18
BTQ,2025-09-29
BTQ,2025-10-06
BTQ,2025-10-07
BTTC,2025-10-02
BULL,2025-04-14
BULL,2025-04-22
BULLW,2025-04-14
BULLW,2025-04-15
BULLW,2025-04-16
BULLW,2025-04-22
BULLW,2025-05-02
BULLW,2025-05-07
BULLW,2025-05-08
BULLW,2025-05-16
BULLW,2025-05-20
BULLW,2025-05-21
BULLW,2025-05-28
BUUU,2025-09-09
BUUU,2025-09-15
BW,2025-06-05
BW,2025-09-10
BWNB,2025-05-06
BWNB,2025-05-07
BWNB,2025-05-13
BWNB,2025-06-05
BWSN,2025-05-06
BWSN,2025-05-07
BWSN,2025-05-13
BWSN,2025-06-05
BWpA,2025-05-06
BWpA,2025-05-15
BWpA,2025-06-05
BWpA,2025-08-12
BYND,2025-07-21
BYND,2025-10-20
BYND,2025-10-21
BYND,2025-10-22
BYND,2025-10-28
BYSI,2025-06-09
BZAI,2025-01-17
BZAI,2025-02-13
BZAI,2025-02-14
BZAI,2025-07-18
BZAI,2025-10-06
BZAI,2025-10-15
BZAIW,2025-10-06
BZAIW,2025-10-15
BZFD,2025-05-27
CABA,2025-05-15
CABA,2025-08-13
CABA,2025-10-09
CABA,2025-10-31
CADL,2025-02-20
CALC,2025-07-11
CAMP,2025-01-21
CAMP,2025-02-28
CAMP,2025-03-11
CAMP,2025-09-10
CAN,2025-10-02
CAN,2025-10-13
CAN,2025-10-20
CAPS,2025-02-27
CAPS,2025-03-17
CAPS,2025-03-24
CAPS,2025-04-08
CAPS,2025-05-16
CAPS,2025-08-25
CAPT,2025-02-04
CAPT,2025-05-30
CAPT,2025-06-04
CARV,2025-07-18
CARV,2025-09-02
CARV,2025-09-03
CASI,2025-06-13
CASI,2025-06-17
CASI,2025-08-04
CASI,2025-08-15
CATO,2025-08-21
CBIO,2025-06-23
CBIO,2025-06-25
CBLL,2025-04-11
CBUS,2025-10-15
CCCC,2025-08-07
CCCC,2025-09-15
CCCXW,2025-07-23
CCCXW,2025-09-08
CCCXW,2025-09-19
CCCXW,2025-10-03
CCCXW,2025-10-06
CCCXW,2025-10-07
CCCXW,2025-10-10
CCCXW,2025-10-13
CCG,2025-02-24
CCG,2025-02-26
CCG,2025-04-21
CCHH,2025-10-07
CCHH,2025-10-10
CCIIW,2025-10-20
CCIXW,2025-05-27
CCIXW,2025-05-28
CCIXW,2025-09-18
CCIXW,2025-10-09
CCIXW,2025-10-14
CCLD,2025-03-13
CCLD,2025-05-06
CCM,2025-01-03
CCM,2025-01-06
CCM,2025-01-30
CCM,2025-04-29
CCM,2025-07-16
CCM,2025-07-21
CCM,2025-08-01
CCO,2025-10-17
CCTG,2025-09-10
CCTG,2025-09-29
CCTG,2025-10-06
CCTG,2025-10-07
CCTG,2025-10-10
CDIO,2025-02-07
CDLX,2025-03-13
CDLX,2025-06-16
CDLX,2025-07-22
CDLX,2025-09-18
CDLX,2025-09-24
CDT,2025-01-07
CDT,2025-01-08
CDT,2025-01-10
CDT,2025-02-07
CDT,2025-03-28
CDT,2025-04-10
CDT,2025-04-11
CDT,2025-06-02
CDT,2025-09-17
CDT,2025-10-06
CDTG,2025-06-13
CDTG,2025-09-09
CDTX,2025-06-23
CELC,2025-07-28
CELC,2025-10-20
CELH,2025-02-21
CELU,2025-02-05
CELU,2025-03-05
CELU,2025-05-13
CELU,2025-07-18
CELU,2025-07-22
CELZ,2025-02-13
CELZ,2025-02-19
CELZ,2025-07-09
CENX,2025-06-02
CEP,2025-04-23
CEP,2025-04-24
CEP,2025-04-25
CEP,2025-04-30
CEP,2025-05-01
CEP,2025-05-20
CEPU,2025-10-27
CETX,2025-05-16
CETX,2025-05-27
CETX,2025-06-13
CETX,2025-06-25
CETY,2025-01-22
CETY,2025-03-03
CETY,2025-03-10
CETY,2025-03-17
CETY,2025-08-01
CGC,2025-02-05
CGC,2025-08-08
CGC,2025-08-11
CGON,2025-04-28
CGTL,2025-04-03
CGTL,2025-05-01
CGTL,2025-06-12
CGTL,2025-06-13
CGTL,2025-06-16
CGTL,2025-09-10
CGTX,2025-07-10
CGTX,2025-08-13
CGTX,2025-08-14
CGTX,2025-08-22
CGTX,2025-08-25
CHEK,2025-01-03
CHEK,2025-01-07
CHEK,2025-02-24
CHEK,2025-05-13
CHEK,2025-08-29
CHEK,2025-09-15
CHEK,2025-09-16
CHGG,2025-06-06
CHNR,2025-06-11
CHNR,2025-09-25
CHNR,2025-10-13
CHR,2025-09-09
CHSN,2025-04-07
CHSN,2025-05-12
CHSN,2025-06-11
CHSN,2025-08-04
CHSN,2025-09-02
CHSN,2025-09-09
CIFR,2025-01-31
CIFRW,2025-01-03
CIFRW,2025-01-31
CIFRW,2025-02-28
CIFRW,2025-07-02
CIFRW,2025-07-03
CIFRW,2025-08-18
CIFRW,2025-09-02
CIFRW,2025-09-09
CIFRW,2025-10-13
CIGL,2025-05-07
CIGL,2025-06-23
CIGL,2025-06-30
CIGL,2025-07-02
CIGL,2025-07-09
CIGL,2025-09-04
CIGL,2025-09-05
CIGL,2025-09-08
CIGL,2025-09-29
CIGL,2025-10-02
CIIT,2025-02-12
CIIT,2025-03-04
CIIT,2025-03-21
CIIT,2025-07-09
CIIT,2025-09-12
CIIT,2025-10-17
CIIT,2025-10-24
CIOpA,2025-07-24
CISO,2025-02-14
CISO,2025-05-06
CISO,2025-05-08
CISO,2025-05-12
CISO,2025-06-02
CISS,2025-10-07
CJET,2025-01-21
CJET,2025-03-18
CJET,2025-09-19
CJET,2025-09-24
CJET,2025-09-26
CJET,2025-10-01
CJET,2025-10-24
CJMB,2025-02-06
CLB,2025-10-23
CLGN,2025-05-28
CLGN,2025-05-29
CLGN,2025-08-21
CLIK,2025-02-24
CLIK,2025-03-17
CLIK,2025-03-20
CLIK,2025-03-21
CLIK,2025-04-22
CLIK,2025-05-02
CLIK,2025-05-15
CLIK,2025-05-19
CLIK,2025-05-20
CLIK,2025-09-30
CLIK,2025-10-13
CLIK,2025-10-27
CLIR,2025-10-06
CLLS,2025-01-06
CLLS,2025-07-14
CLLS,2025-07-25
CLLS,2025-10-16
CLNN,2025-06-02
CLNN,2025-10-03
CLPS,2025-10-16
CLPT,2025-09-24
CLRB,2025-06-04
CLRO,2025-01-03
CLRO,2025-03-03
CLRO,2025-06-20
CLRO,2025-07-01
CLRO,2025-09-30
CLSD,2025-07-23
CMBM,2025-01-06
CMBM,2025-07-18
CMBM,2025-07-21
CMBM,2025-10-29
CMBM,2025-10-30
CMCT,2025-04-22
CMCT,2025-08-07
CMND,2025-07-03
CMND,2025-09-19
CMPOW,2025-08-08
CMPX,2025-01-08
CNCK,2025-05-22
CNCKW,2025-01-16
CNCKW,2025-02-26
CNCKW,2025-04-22
CNCKW,2025-05-09
CNCKW,2025-05-16
CNCKW,2025-07-02
CNCKW,2025-08-01
CNCKW,2025-08-06
CNCKW,2025-08-07
CNCKW,2025-08-08
CNET,2025-06-11
CNET,2025-09-12
CNEY,2025-01-07
CNEY,2025-02-24
CNEY,2025-04-24
CNEY,2025-05-02
CNEY,2025-05-07
CNEY,2025-05-12
CNF,2025-04-30
CNF,2025-09-05
CNSP,2025-01-06
CNSP,2025-02-14
CNSP,2025-05-13
CNSP,2025-08-20
CNTB,2025-04-15
CNTB,2025-07-11
CNTB,2025-07-22
CNXC,2025-03-27
COCH,2025-10-07
COCP,2025-09-12
CODX,2025-01-06
CODX,2025-10-27
COEP,2025-01-06
COGT,2025-07-07
COIG,2025-04-09
COIG,2025-05-13
COIG,2025-06-18
COMM,2025-08-04
CONI,2025-08-01
CONL,2025-04-09
CONL,2025-05-13
CONL,2025-06-18
COOK,2025-06-09
COOT,2025-10-14
COOT,2025-10-15
CORT,2025-03-31
CORZ,2025-06-26
CORZW,2025-02-27
CORZW,2025-04-09
CORZW,2025-06-26
CORZZ,2025-06-26
COSM,2025-08-06
COUR,2025-07-25
CPIX,2025-01-14
CPIX,2025-02-04
CPIX,2025-02-05
CPIX,2025-02-19
CPIX,2025-06-30
CPOP,2025-01-06
CPOP,2025-07-31
CPOP,2025-08-06
CPOP,2025-08-20
CPOP,2025-09-10
CPOP,2025-09-25
CPRI,2025-04-09
CPS,2025-05-02
CRCG,2025-08-12
CRCG,2025-09-11
CRCG,2025-10-02
CRCL,2025-06-06
CRCL,2025-06-18
CRE,2025-07-24
CRE,2025-09-22
CRE,2025-09-30
CREG,2025-05-13
CREG,2025-06-16
CREG,2025-08-07
CREG,2025-10-01
CRESW,2025-10-27
CRESY,2025-10-27
CREV,2025-01-24
CREV,2025-05-02
CREV,2025-06-24
CREV,2025-06-25
CREV,2025-07-07
CREV,2025-07-25
CREV,2025-07-28
CREV,2025-10-17
CREV,2025-10-28
CRGO,2025-04-09
CRMD,2025-01-07
CRML,2025-01-10
CRML,2025-03-04
CRML,2025-04-11
CRML,2025-04-14
CRML,2025-06-13
CRML,2025-06-16
CRML,2025-06-26
CRML,2025-07-15
CRML,2025-10-06
CRML,2025-10-09
CRML,2025-10-10
CRML,2025-10-13
CRML,2025-10-14
CRMLW,2025-07-16
CRMLW,2025-07-17
CRMLW,2025-07-18
CRMLW,2025-08-26
CRMLW,2025-10-06
CRMLW,2025-10-08
CRMLW,2025-10-09
CRMLW,2025-10-10
CRMLW,2025-10-13
CRMLW,2025-10-14
CRMLW,2025-10-24
CRNC,2025-01-03
CRNC,2025-01-06
CRNX,2025-09-26
CRVO,2025-03-12
CRVO,2025-03-17
CRVO,2025-03-20
CRVO,2025-03-21
CRVO,2025-03-27
CRVO,2025-04-02
CRVO,2025-07-28
CRVS,2025-05-09
CRWG,2025-09-10
CRWG,2025-09-30
CRWL,2025-04-09
CRWV,2025-04-01
CSAI,2025-02-10
CSAI,2025-02-11
CSAI,2025-02-12
CSAI,2025-02-13
CSAI,2025-02-18
CSAI,2025-03-19
CSAI,2025-04-01
CSAI,2025-10-15
CSBR,2025-06-12
CSTL,2025-08-05
CTEV,2025-05-29
CTEV,2025-08-06
CTMX,2025-05-12
CTNM,2025-06-20
CTNM,2025-07-21
CTNT,2025-06-05
CTOR,2025-03-31
CTOR,2025-06-20
CTOR,2025-06-24
CTOR,2025-06-27
CTOR,2025-07-23
CTOR,2025-10-16
CTOS,2025-03-05
CTW,2025-09-23
CTXR,2025-03-28
CTXR,2025-03-31
CTXR,2025-06-09
CTXR,2025-06-20
CTXR,2025-06-27
CTXR,2025-10-16
CTXR,2025-10-20
CUE,2025-01-03
CUE,2025-07-16
CUPR,2025-05-02
CUPR,2025-06-09
CUPR,2025-08-21
CUPR,2025-09-10
CUPR,2025-10-27
CURI,2025-03-12
CURI,2025-05-07
CURR,2025-01-08
CURR,2025-02-19
CURR,2025-03-17
CURR,2025-07-01
CURR,2025-07-07
CURR,2025-08-14
CURR,2025-10-28
CURR,2025-10-31
CURX,2025-09-26
CV,2025-07-03
CVAC,2025-06-12
CVE.WS,2025-04-09
CVGI,2025-05-07
CVKD,2025-06-30
CVNX,2025-07-31
CWD,2025-08-05
CWD,2025-08-28
CWD,2025-09-09
CWD,2025-09-17
CXAI,2025-04-04
CYCN,2025-01-31
CYCN,2025-02-03
CYCU,2025-02-19
CYCU,2025-03-04
CYCU,2025-03-05
CYCU,2025-04-08
CYCU,2025-08-22
CYCU,2025-09-02
CYCU,2025-09-24
CYCU,2025-09-25
CYCU,2025-09-29
CYCU,2025-10-16
CYCU,2025-10-29
CYD,2025-02-20
CYD,2025-02-24
CYH,2025-04-24
CYN,2025-01-14
CYN,2025-02-05
CYN,2025-02-10
CYN,2025-02-11
CYN,2025-02-21
CYN,2025-06-26
CYN,2025-06-27
CYN,2025-07-02
CYN,2025-07-11
CYRX,2025-03-05
CYRX,2025-03-11
CYRX,2025-08-06
CYTK,2025-09-02
DAIC,2025-06-24
DAIC,2025-07-02
DAO,2025-02-10
DARE,2025-07-14
DAVE,2025-05-08
DAVEW,2025-05-21
DAVEW,2025-06-16
DAVEW,2025-06-27
DAVEW,2025-06-30
DAVEW,2025-07-09
DBGI,2025-01-22
DBGI,2025-01-24
DBGI,2025-02-03
DBGI,2025-02-10
DBGI,2025-02-14
DBGI,2025-02-18
DBGI,2025-05-20
DBGI,2025-07-09
DBGI,2025-07-21
DBGI,2025-08-19
DBGI,2025-09-24
DBVT,2025-01-10
DBVT,2025-03-28
DBVT,2025-04-02
DCGO,2025-10-21
DDD,2025-08-12
DERM,2025-05-15
DEVS,2025-05-07
DEVS,2025-05-09
DEVS,2025-05-12
DEVS,2025-05-14
DEVS,2025-05-23
DEVS,2025-07-21
DEVS,2025-07-22
DEVS,2025-08-01
DEVS,2025-08-27
DFDV,2025-05-09
DFDV,2025-05-12
DFDV,2025-05-16
DFDV,2025-05-20
DFDV,2025-05-21
DFDV,2025-05-22
DFDV,2025-06-06
DFDV,2025-06-09
DFDV,2025-06-30
DFLI,2025-10-02
DFLI,2025-10-03
DFLI,2025-10-13
DFLI,2025-10-15
DFSC,2025-10-31
DGLY,2025-02-18
DGLY,2025-03-26
DGLY,2025-04-02
DGLY,2025-04-21
DGLY,2025-04-28
DGLY,2025-04-29
DGLY,2025-05-08
DGLY,2025-05-27
DGLY,2025-09-10
DGNX,2025-01-23
DGNX,2025-01-28
DGNX,2025-01-29
DGNX,2025-01-31
DGNX,2025-02-07
DGNX,2025-02-21
DGNX,2025-02-24
DGNX,2025-03-19
DGNX,2025-03-20
DGNX,2025-04-15
DGNX,2025-06-06
DGNX,2025-07-10
DGNX,2025-09-10
DGNX,2025-09-22
DGNX,2025-10-08
DGXX,2025-04-21
DGXX,2025-10-27
DH,2025-05-09
DHC,2025-05-06
DHX,2025-05-08
DJTWW,2025-01-13
DKI,2025-08-25
DKI,2025-09-11
DKI,2025-09-25
DKI,2025-10-02
DLHC,2025-04-16
DLHC,2025-10-31
DLLL,2025-04-09
DLO,2025-08-14
DLPN,2025-08-14
DLTH,2025-09-04
DNOW,2025-02-13
DNUT,2025-07-23
DNUT,2025-10-22
DOCN,2025-08-05
DOCS,2025-02-07
DOGZ,2025-01-21
DOGZ,2025-08-14
DOMH,2025-01-24
DOMH,2025-01-30
DOMH,2025-02-10
DOMH,2025-02-11
DOMH,2025-02-13
DOMH,2025-02-25
DOMH,2025-03-24
DOMO,2025-05-22
DOUG,2025-05-23
DOYU,2025-01-16
DPRO,2025-06-05
DPRO,2025-06-10
DPRO,2025-06-20
DPRO,2025-07-16
DPRO,2025-07-17
DPRO,2025-09-30
DRCT,2025-01-10
DRCT,2025-01-13
DRCT,2025-03-27
DRCT,2025-05-01
DRIO,2025-01-07
DRIO,2025-01-14
DRIO,2025-04-11
DRIO,2025-09-25
DRMA,2025-01-24
DRMA,2025-03-27
DSY,2025-02-10
DSY,2025-09-09
DTCK,2025-06-06
DTCK,2025-06-17
DTCK,2025-10-02
DTCK,2025-10-27
DTIL,2025-01-10
DTSS,2025-01-27
DTST,2025-07-16
DUO,2025-05-12
DUO,2025-08-25
DUO,2025-08-29
DUO,2025-09-02
DUO,2025-09-05
DUO,2025-09-08
DUOL,2025-08-07
DVLT,2025-09-25
DVLT,2025-09-26
DVLT,2025-10-06
DVLT,2025-10-07
DVLT,2025-10-14
DVLT,2025-10-20
DVLT,2025-10-24
DWSN,2025-06-16
DWTX,2025-01-21
DWTX,2025-01-23
DWTX,2025-01-24
DWTX,2025-01-27
DWTX,2025-03-07
DWTX,2025-03-10
DWTX,2025-03-11
DWTX,2025-03-12
DWTX,2025-04-15
DWTX,2025-04-17
DWTX,2025-04-21
DWTX,2025-09-29
DXST,2025-01-23
DXST,2025-01-29
DXST,2025-05-08
DXYZ,2025-10-01
DYN,2025-10-27
EAF,2025-05-07
EAF,2025-07-18
EBON,2025-07-10
EBS,2025-05-08
EBS,2025-08-07
EBS,2025-10-30
ECDA,2025-04-08
ECDA,2025-04-21
ECDA,2025-05-07
ECDA,2025-05-13
ECDA,2025-05-14
ECDA,2025-05-28
ECDA,2025-05-30
ECDA,2025-06-23
ECDA,2025-07-17
ECDA,2025-09-05
ECDA,2025-10-08
ECOR,2025-07-08
ECX,2025-03-12
ECX,2025-04-22
EDAP,2025-10-15
EDBL,2025-02-05
EDBL,2025-02-18
EDBL,2025-03-26
EDBL,2025-05-20
EDBL,2025-05-21
EDBL,2025-09-03
EDHL,2025-09-10
EDHL,2025-09-11
EDHL,2025-10-14
EDHL,2025-10-29
EDIT,2025-02-19
EDIT,2025-08-13
EDN,2025-10-27
EDSA,2025-01-24
EDSA,2025-02-13
EDUC,2025-09-17
EEIQ,2025-08-22
EFOI,2025-02-18
EFOI,2025-02-25
EFOI,2025-06-23
EHLD,2025-03-25
EHTH,2025-05-07
EHTH,2025-08-06
EJH,2025-02-03
EJH,2025-03-07
EJH,2025-05-23
EJH,2025-05-27
EJH,2025-07-15
EJH,2025-08-13
EKSO,2025-01-03
EKSO,2025-01-06
EKSO,2025-05-15
ELAB,2025-01-24
ELAB,2025-03-20
ELAB,2025-04-10
ELAB,2025-05-02
ELAB,2025-06-09
ELAB,2025-07-14
ELAB,2025-08-22
ELAB,2025-10-14
ELBM,2025-03-21
ELBM,2025-09-12
ELBM,2025-10-01
ELBM,2025-10-08
ELBM,2025-10-13
ELBM,2025-10-17
ELF,2025-05-29
ELIL,2025-04-17
ELPW,2025-04-14
ELPW,2025-04-15
ELPW,2025-04-16
ELPW,2025-04-17
ELPW,2025-05-08
ELPW,2025-05-13
ELPW,2025-07-02
ELPW,2025-07-07
ELWS,2025-05-13
ELWS,2025-07-02
ELWS,2025-07-28
ELWS,2025-07-31
ELWS,2025-08-04
ELWS,2025-10-13
ELWS,2025-10-16
EM,2025-01-06
EMPG,2025-07-03
ENGNW,2025-01-17
ENGNW,2025-01-21
ENGNW,2025-02-07
ENGNW,2025-07-02
ENGNW,2025-10-09
ENGNW,2025-10-15
ENGNW,2025-10-17
ENGNW,2025-10-22
ENGS,2025-04-23
ENGS,2025-07-07
ENGS,2025-07-23
ENGS,2025-08-14
ENGS,2025-09-09
ENGS,2025-09-11
ENSC,2025-04-23
ENTA,2025-02-13
ENTA,2025-09-29
ENTO,2025-03-03
ENTO,2025-05-29
ENTO,2025-05-30
ENTO,2025-07-08
ENTO,2025-08-11
ENTO,2025-09-12
ENVB,2025-02-26
ENVB,2025-02-28
ENVX,2025-01-07
EOLS,2025-01-21
EOSE,2025-05-07
EPOW,2025-09-25
EPOW,2025-09-26
EPOW,2025-09-30
EPSM,2025-04-23
EPSM,2025-04-24
EPSM,2025-05-05
EPSM,2025-05-06
EPSM,2025-06-20
EPSM,2025-06-23
EPSM,2025-07-01
EPSM,2025-07-09
EPSM,2025-09-09
EPSM,2025-09-11
EPSM,2025-09-12
EPSM,2025-10-02
EPSM,2025-10-03
EPSM,2025-10-23
EPWK,2025-04-23
EPWK,2025-04-24
EPWK,2025-04-25
EPWK,2025-05-06
EPWK,2025-06-05
EPWK,2025-08-27
EPWK,2025-09-09
EPWK,2025-09-10
EPWK,2025-10-09
EPWK,2025-10-16
EPWK,2025-10-22
EPWK,2025-10-31
EQ,2025-02-06
EQ,2025-08-01
EQ,2025-08-11
EQ,2025-08-21
EQ,2025-08-22
EQ,2025-09-05
EQS,2025-08-06
ERAS,2025-04-09
ERAS,2025-05-29
ERNA,2025-01-14
ERNA,2025-01-22
ERNA,2025-10-29
ESGL,2025-01-10
ESGL,2025-01-13
ESGL,2025-02-27
ESGL,2025-02-28
ESLA,2025-02-18
ESLA,2025-10-01
ESPR,2025-07-24
EUDA,2025-09-24
EVAX,2025-01-23
EVAX,2025-01-24
EVAX,2025-02-04
EVAX,2025-09-25
EVAX,2025-10-06
EVAX,2025-10-15
EVER,2025-02-25
EVGN,2025-04-21
EVGN,2025-06-10
EVGO,2025-05-06
EVLV,2025-05-16
EVLVW,2025-08-15
EVOK,2025-07-09
EVOK,2025-08-01
EVTL,2025-01-15
EVTV,2025-01-29
EVTV,2025-01-31
EVTV,2025-03-07
EVTV,2025-08-04
EVTV,2025-09-12
EXOZ,2025-02-13
EXOZ,2025-07-24
EZGO,2025-08-01
EZGO,2025-09-24
EZGO,2025-10-01
FAMI,2025-01-15
FAMI,2025-05-12
FARM,2025-02-07
FAT,2025-06-09
FATBB,2025-04-08
FATE,2025-08-13
FATN,2025-04-11
FATN,2025-04-14
FATN,2025-04-17
FATN,2025-04-23
FATN,2025-05-13
FATN,2025-05-16
FATN,2025-06-30
FATN,2025-09-19
FBGL,2025-03-24
FBGL,2025-03-25
FBIO,2025-09-05
FBL,2025-04-09
FBLG,2025-05-15
FBRX,2025-03-19
FBRX,2025-03-25
FBRX,2025-05-27
FBRX,2025-06-23
FBYD,2025-02-06
FBYD,2025-05-02
FBYD,2025-06-18
FBYD,2025-07-17
FBYDW,2025-02-12
FBYDW,2025-02-18
FBYDW,2025-07-16
FBYDW,2025-09-17
FBYDW,2025-09-24
FBYDW,2025-10-06
FBYDW,2025-10-16
FCEL,2025-06-06
FCUV,2025-01-03
FCUV,2025-01-31
FCUV,2025-03-05
FCUV,2025-09-03
FCUV,2025-10-06
FDMT,2025-08-01
FEAM,2025-01-14
FEAM,2025-02-06
FEAM,2025-03-18
FEAM,2025-07-24
FEAM,2025-08-11
FEAM,2025-10-10
FEBO,2025-08-26
FEDU,2025-07-11
FEDU,2025-09-03
FENG,2025-09-24
FFAI,2025-04-24
FFAI,2025-04-28
FFAI,2025-07-22
FFAI,2025-07-24
FGEN,2025-02-20
FGI,2025-05-09
FGI,2025-06-02
FGI,2025-07-16
FGI,2025-09-16
FGI,2025-10-20
FGL,2025-01-06
FGL,2025-01-10
FGL,2025-01-13
FGNX,2025-09-17
FHTX,2025-02-10
FICO,2025-10-02
FIEE,2025-07-31
FIG,2025-07-31
FLD,2025-03-06
FLD,2025-03-21
FLD,2025-09-19
FLDDW,2025-01-24
FLDDW,2025-02-19
FLGC,2025-08-11
FLGC,2025-09-22
FLNC,2025-05-12
FLNT,2025-08-27
FLS,2025-10-29
FLUX,2025-03-17
FLUX,2025-03-21
FLUX,2025-09-16
FLUX,2025-10-06
FLWS,2025-07-22
FLWS,2025-10-22
FLX,2025-06-03
FLXS,2025-02-04
FLXS,2025-08-19
FLYE,2025-02-11
FLYE,2025-04-09
FLYE,2025-07-07
FLYE,2025-07-17
FLYE,2025-08-21
FLYE,2025-09-22
FMFC,2025-06-26
FMFC,2025-08-22
FMFC,2025-10-10
FMST,2025-01-24
FMST,2025-01-27
FMST,2025-05-05
FMST,2025-05-12
FMST,2025-05-16
FMST,2025-05-27
FMST,2025-05-28
FMST,2025-07-29
FMSTW,2025-06-05
FMSTW,2025-10-15
FMSTW,2025-10-16
FNGR,2025-05-01
FNGR,2025-07-28
FNKO,2025-05-12
FOFO,2025-09-23
FOFO,2025-09-25
FOFO,2025-09-26
FOFO,2025-09-29
FOFO,2025-10-13
FOFO,2025-10-14
FORA,2025-02-14
FORA,2025-08-25
FOSL,2025-03-13
FOSL,2025-08-14
FOSL,2025-08-15
FOSL,2025-10-15
FOXX,2025-01-03
FOXX,2025-01-30
FOXX,2025-07-17
FOXX,2025-08-11
FPH,2025-01-24
FRGE,2025-04-07
FRGE,2025-04-15
FRGE,2025-04-21
FRGE,2025-07-31
FRGT,2025-03-04
FRGT,2025-04-11
FRGT,2025-04-30
FRGT,2025-05-02
FRGT,2025-05-12
FRGT,2025-09-15
FRGT,2025-10-28
FTCI,2025-02-14
FTCI,2025-03-31
FTEK,2025-05-19
FTEL,2025-01-08
FTEL,2025-02-14
FTEL,2025-07-24
FTEL,2025-09-10
FTEL,2025-09-23
FTFT,2025-03-03
FTFT,2025-04-04
FTFT,2025-07-11
FTFT,2025-07-15
FTFT,2025-09-12
FTHM,2025-05-14
FTHM,2025-08-22
FTHM,2025-08-25
FTHM,2025-08-28
FTHM,2025-09-10
FTK,2025-05-07
FTRE,2025-08-04
FTRK,2025-06-03
FTRK,2025-06-16
FUBO,2025-01-06
FUFU,2025-03-25
FUFU,2025-08-15
FULC,2025-05-02
FWRD,2025-04-09
GALT,2025-06-17
GALT,2025-06-18
GAME,2025-07-08
GAME,2025-07-09
GAME,2025-07-16
GANX,2025-08-15
GAUZ,2025-03-11
GBIO,2025-07-16
GBIO,2025-08-13
GCL,2025-02-18
GCL,2025-02-28
GCL,2025-05-21
GCT,2025-08-08
GCTK,2025-01-13
GCTK,2025-01-17
GCTK,2025-01-21
GCTK,2025-02-04
GCTK,2025-02-14
GCTK,2025-02-26
GCTK,2025-03-20
GCTK,2025-04-01
GCTK,2025-06-25
GCTK,2025-06-27
GCTK,2025-07-21
GCTK,2025-09-02
GCTK,2025-09-12
GCTS,2025-05-14
GDC,2025-02-24
GDC,2025-02-25
GDC,2025-05-12
GDC,2025-09-29
GDC,2025-10-02
GDEV,2025-02-21
GDEV,2025-04-15
GDEV,2025-05-05
GDEV,2025-09-22
GDEV,2025-09-26
GDEV,2025-10-02
GDHG,2025-03-24
GDHG,2025-03-25
GDHG,2025-04-03
GDHG,2025-04-14
GDHG,2025-04-22
GDHG,2025-06-30
GDHG,2025-07-07
GDOT,2025-05-09
GDOT,2025-08-12
GDRX,2025-08-18
GDRX,2025-10-09
GDTC,2025-01-10
GDTC,2025-10-22
GEG,2025-09-03
GELS,2025-01-22
GELS,2025-04-22
GELS,2025-06-10
GELS,2025-09-05
GELS,2025-10-23
GENK,2025-03-07
GENVR,2025-05-07
GENVR,2025-08-08
GENVR,2025-10-10
GEOS,2025-06-17
GEOS,2025-06-20
GEOS,2025-06-23
GEOS,2025-07-28
GES,2025-03-17
GETY,2025-01-03
GETY,2025-01-07
GETY,2025-10-31
GEVO,2025-08-12
GFAI,2025-01-03
GFAI,2025-01-06
GFAI,2025-01-14
GGAL,2025-10-27
GGR,2025-04-14
GGR,2025-04-15
GH,2025-10-30
GHRS,2025-02-03
GIBO,2025-07-10
GIBO,2025-07-22
GIBO,2025-07-25
GIBO,2025-07-28
GIBO,2025-07-29
GIBO,2025-08-11
GIBO,2025-09-09
GIFT,2025-01-07
GIFT,2025-06-20
GIFT,2025-07-30
GIGGW,2025-10-08
GIGGW,2025-10-14
GIGGW,2025-10-23
GIPR,2025-08-21
GIPR,2025-09-17
GIPR,2025-10-03
GIPR,2025-10-15
GIPRW,2025-02-28
GITS,2025-01-27
GITS,2025-04-22
GITS,2025-05-30
GITS,2025-07-03
GKOS,2025-10-30
GLE,2025-01-24
GLE,2025-06-16
GLE,2025-07-31
GLE,2025-08-19
GLE,2025-08-20
GLE,2025-09-10
GLE,2025-10-30
GLMD,2025-03-17
GLMD,2025-04-28
GLTO,2025-03-21
GLTO,2025-09-10
GLTO,2025-09-23
GLTO,2025-10-07
GLTO,2025-10-09
GLUE,2025-09-15
GLXG,2025-01-10
GLXG,2025-01-14
GLXG,2025-04-08
GLXG,2025-09-09
GLXG,2025-10-01
GMGI,2025-02-19
GMHS,2025-02-14
GMHS,2025-05-30
GMHS,2025-08-11
GMHS,2025-08-29
GMHS,2025-09-09
GMM,2025-09-11
GNLN,2025-03-26
GNLN,2025-05-21
GNLN,2025-06-12
GNLN,2025-06-16
GNLN,2025-06-30
GNLX,2025-01-21
GNLX,2025-05-08
GNPX,2025-03-18
GNPX,2025-04-02
GNPX,2025-04-03
GNPX,2025-05-29
GNPX,2025-08-22
GNPX,2025-09-05
GNPX,2025-09-08
GNPX,2025-10-14
GNPX,2025-10-15
GNTA,2025-02-03
GNTA,2025-05-30
GNTA,2025-06-05
GNTA,2025-10-24
GNTA,2025-10-29
GO,2025-08-06
GOGO,2025-05-09
GORV,2025-03-10
GORV,2025-03-18
GORV,2025-03-31
GORV,2025-05-16
GORV,2025-05-23
GORV,2025-09-16
GOTU,2025-02-26
GOVX,2025-06-16
GOVX,2025-06-18
GP,2025-01-10
GP,2025-08-04
GP,2025-09-08
GPCR,2025-04-17
GPRO,2025-07-22
GPRO,2025-07-23
GPRO,2025-08-25
GRAL,2025-02-13
GRAL,2025-10-20
GRAN,2025-08-14
GRAN,2025-10-06
GREE,2025-04-25
GREE,2025-05-22
GRI,2025-02-25
GRI,2025-04-01
GRI,2025-04-02
GRI,2025-04-15
GRI,2025-04-23
GRI,2025-09-11
GRNQ,2025-01-10
GRNQ,2025-05-16
GROV,2025-07-09
GRPN,2025-03-12
GRPN,2025-05-08
GRPN,2025-08-07
GRRR,2025-03-14
GRRR,2025-06-20
GRRRW,2025-02-10
GRRRW,2025-03-03
GRRRW,2025-03-04
GRRRW,2025-03-05
GSAT,2025-10-30
GSIT,2025-01-17
GSIT,2025-10-20
GSIT,2025-10-21
GSIT,2025-10-27
GSIW,2025-02-07
GSIW,2025-05-14
GSIW,2025-06-05
GSRFR,2025-10-21
GSUN,2025-02-24
GTBP,2025-02-25
GTBP,2025-05-21
GTBP,2025-10-08
GTEC,2025-01-16
GTEC,2025-03-27
GTENW,2025-07-24
GTENW,2025-07-25
GTENW,2025-10-07
GTIM,2025-10-22
GTN.A,2025-06-12
GUTS,2025-06-09
GUTS,2025-09-26
GV,2025-02-24
GV,2025-03-05
GV,2025-03-06
GV,2025-03-07
GV,2025-03-12
GV,2025-03-14
GV,2025-08-05
GV,2025-08-13
GV,2025-09-17
GVH,2025-02-03
GVH,2025-05-05
GVH,2025-05-06
GVH,2025-05-07
GVH,2025-06-27
GVH,2025-07-02
GVH,2025-07-22
GVH,2025-08-29
GWAV,2025-02-10
GWAV,2025-04-22
GWAV,2025-04-28
GWAV,2025-10-14
GWH,2025-02-18
GWH,2025-05-30
GWH,2025-06-26
GWH,2025-07-02
GWH,2025-07-22
GWH,2025-10-10
GWH,2025-10-13
GWH,2025-10-17
GXAI,2025-02-14
GXAI,2025-08-19
GXAI,2025-08-21
GYRE,2025-05-27
HAO,2025-01-28
HAO,2025-04-09
HAO,2025-05-23
HAO,2025-05-30
HAO,2025-08-25
HAO,2025-09-11
HBI,2025-08-07
HBI,2025-08-12
HCAI,2025-02-07
HCAI,2025-03-14
HCAI,2025-03-17
HCAI,2025-03-26
HCTI,2025-01-03
HCTI,2025-01-06
HCTI,2025-02-18
HCTI,2025-02-26
HCTI,2025-03-12
HCTI,2025-04-01
HCTI,2025-05-01
HCTI,2025-05-14
HCTI,2025-05-19
HCTI,2025-05-20
HCTI,2025-05-29
HCTI,2025-06-11
HCTI,2025-06-12
HCTI,2025-06-16
HCTI,2025-07-10
HCTI,2025-07-23
HCTI,2025-07-24
HCTI,2025-07-25
HCTI,2025-07-31
HCTI,2025-10-01
HCWB,2025-02-03
HCWB,2025-05-13
HCWB,2025-08-25
HCWB,2025-09-12
HFFG,2025-03-14
HHS,2025-06-23
HIMS,2025-04-29
HIMZ,2025-04-09
HIMZ,2025-04-29
HIMZ,2025-05-06
HIMZ,2025-05-13
HIMZ,2025-06-03
HIMZ,2025-07-23
HIMZ,2025-10-15
HIND,2025-09-17
HIT,2025-05-14
HIT,2025-07-21
HIT,2025-07-22
HIT,2025-08-04
HKD,2025-05-29
HKD,2025-10-31
HKPD,2025-03-19
HKPD,2025-03-28
HKPD,2025-05-19
HKPD,2025-06-02
HKPD,2025-06-06
HKPD,2025-08-26
HKPD,2025-09-05
HKPD,2025-09-10
HKPD,2025-10-23
HLF,2025-02-20
HLIO,2025-02-25
HLIO,2025-08-05
HLLY,2025-08-06
HMR,2025-03-10
HMR,2025-03-12
HMR,2025-03-13
HMR,2025-03-18
HOLO,2025-01-16
HOLO,2025-01-27
HOLO,2025-02-21
HOLO,2025-03-21
HOLO,2025-04-16
HOLO,2025-04-22
HOLO,2025-04-24
HOLO,2025-05-27
HOLO,2025-05-28
HOLO,2025-06-03
HOLO,2025-07-11
HOOG,2025-04-09
HOOG,2025-09-08
HOOX,2025-04-09
HOOX,2025-09-08
HOTH,2025-01-07
HOTH,2025-03-04
HOTH,2025-06-04
HOUR,2025-01-27
HOUR,2025-02-03
HOUR,2025-03-26
HOUR,2025-07-01
HOUR,2025-09-04
HOUR,2025-09-05
HOUR,2025-09-08
HOUR,2025-09-26
HOUS,2025-09-22
HOVR,2025-06-13
HOVR,2025-06-18
HOVR,2025-10-13
HPAI,2025-04-04
HROW,2025-03-18
HSAI,2025-03-11
HSCS,2025-07-10
HSDT,2025-01-21
HSDT,2025-05-02
HSDT,2025-06-11
HSDT,2025-06-18
HSDT,2025-07-21
HSDT,2025-09-15
HSDT,2025-09-16
HTCO,2025-03-12
HTCO,2025-03-25
HTCO,2025-04-14
HTCO,2025-05-06
HTCO,2025-05-08
HTCO,2025-06-18
HTCO,2025-08-25
HTCR,2025-08-25
HTCR,2025-09-05
HTOO,2025-07-15
HTOO,2025-07-22
HTOO,2025-07-25
HTZ,2025-04-16
HTZ,2025-04-17
HTZWW,2025-04-16
HTZWW,2025-04-17
HUBC,2025-02-04
HUBC,2025-02-28
HUBC,2025-04-09
HUBC,2025-07-14
HUBC,2025-07-16
HUDI,2025-09-10
HUHU,2025-02-19
HUHU,2025-03-21
HUHU,2025-03-24
HUIZ,2025-04-15
HUIZ,2025-09-12
HUMA,2025-04-09
HUMA,2025-05-13
HURA,2025-01-10
HURA,2025-03-19
HURA,2025-08-11
HWH,2025-01-27
HWH,2025-01-30
HWH,2025-02-24
HWH,2025-02-26
HWH,2025-03-21
HWH,2025-05-12
HWH,2025-05-14
HWH,2025-07-29
HWH,2025-08-05
HWH,2025-09-02
HWH,2025-09-04
HXHX,2025-10-16
HYAC.WS,2025-10-10
HYFM,2025-04-10
HYFM,2025-04-11
HYFM,2025-05-05
HYPD,2025-07-28
HYPD,2025-08-08
HYPD,2025-09-09
HYPR,2025-03-17
HYPR,2025-06-02
HYPR,2025-07-17
IBEX,2025-09-12
IBG,2025-04-02
IBG,2025-07-14
IBG,2025-07-15
IBG,2025-07-18
IBG,2025-09-23
IBG,2025-09-29
IBG,2025-09-30
IBG,2025-10-15
IBIO,2025-02-27
IBIO,2025-04-28
IBIO,2025-04-29
IBIO,2025-06-24
IBIO,2025-10-21
IBIO,2025-10-22
ICCM,2025-08-28
ICCM,2025-10-03
ICG,2025-06-23
ICG,2025-07-08
ICON,2025-03-07
ICON,2025-03-13
ICON,2025-04-02
ICON,2025-06-13
ICU,2025-01-31
ICU,2025-02-03
IDAI,2025-05-15
IDAI,2025-09-19
IDAI,2025-09-24
IDN,2025-05-20
IFBD,2025-05-09
IFBD,2025-09-09
IFRX,2025-08-29
IH,2025-07-17
IHRT,2025-08-12
IINN,2025-07-02
IINN,2025-07-07
ILLR,2025-01-14
ILLR,2025-03-12
ILLR,2025-04-15
ILLR,2025-04-22
ILLR,2025-06-30
ILLR,2025-09-16
ILLR,2025-10-03
ILPT,2025-06-16
IMCC,2025-05-28
IMCC,2025-05-29
IMCC,2025-05-30
IMCC,2025-06-17
IMCC,2025-10-23
IMDX,2025-06-20
IMG,2025-01-08
IMMP,2025-05-05
IMNN,2025-05-13
IMNN,2025-05-22
IMNN,2025-05-23
IMNN,2025-05-27
IMNN,2025-05-29
IMNN,2025-05-30
IMNN,2025-06-10
IMNN,2025-07-17
IMRX,2025-01-07
IMRX,2025-06-18
IMRX,2025-08-21
IMRX,2025-09-10
IMTE,2025-03-24
IMTE,2025-03-26
IMTE,2025-03-27
IMXI,2025-08-11
INAB,2025-01-06
INAB,2025-02-11
INAB,2025-05-29
INBX,2025-10-24
INDP,2025-03-18
INDP,2025-06-23
INDP,2025-06-26
INDP,2025-09-26
INDP,2025-10-07
INEO,2025-05-23
INEO,2025-06-11
INEO,2025-06-17
INEO,2025-08-28
INEO,2025-10-23
INHD,2025-01-28
INHD,2025-04-21
INHD,2025-05-12
INHD,2025-05-13
INHD,2025-08-25
INHD,2025-08-27
INHD,2025-09-04
INHD,2025-09-05
INHD,2025-09-08
INKT,2025-01-29
INKT,2025-01-31
INKT,2025-02-04
INKT,2025-07-11
INKT,2025-07-17
INLF,2025-01-03
INLF,2025-02-12
INLF,2025-02-13
INLF,2025-02-14
INLF,2025-06-16
INLF,2025-06-20
INLF,2025-06-25
INM,2025-01-21
INM,2025-05-14
INM,2025-06-02
INM,2025-06-24
INMB,2025-06-27
INOD,2025-02-21
INTC,2025-09-18
INTG,2025-10-15
INTS,2025-10-30
INTW,2025-02-18
INTW,2025-03-13
INTW,2025-04-09
INTW,2025-09-18
INTZ,2025-01-03
INTZ,2025-01-10
INTZ,2025-03-13
INTZ,2025-03-17
INTZ,2025-06-02
INV,2025-08-04
INVZ,2025-01-07
INVZ,2025-06-17
IOBT,2025-03-25
IOBT,2025-08-12
IOBT,2025-08-15
IONL,2025-04-07
IONL,2025-04-09
IONL,2025-05-22
IONL,2025-09-12
IONL,2025-10-13
IONQ,2025-01-15
IONQ,2025-05-22
IONQ.WS,2025-01-15
IONQ.WS,2025-03-12
IONQ.WS,2025-03-14
IONQ.WS,2025-03-24
IONQ.WS,2025-04-07
IONQ.WS,2025-04-09
IONQ.WS,2025-05-22
IONR,2025-09-24
IONR,2025-10-06
IONS,2025-09-02
IONX,2025-03-14
IONX,2025-03-24
IONX,2025-04-07
IONX,2025-04-09
IONX,2025-05-22
IONX,2025-09-12
IONX,2025-10-13
IOTR,2025-04-14
IOTR,2025-04-16
IOVA,2025-07-23
IPDN,2025-02-20
IPDN,2025-04-09
IPDN,2025-06-30
IPDN,2025-08-06
IPDN,2025-08-29
IPDN,2025-09-03
IPDN,2025-09-23
IPDN,2025-10-13
IPM,2025-09-17
IPW,2025-04-15
IPW,2025-06-05
IPW,2025-06-06
IPW,2025-06-09
IPW,2025-09-22
IPWR,2025-08-14
IQST,2025-05-14
IQST,2025-06-02
IRBT,2025-01-06
IRBT,2025-05-27
IRBT,2025-10-15
IRD,2025-06-02
IRIX,2025-03-21
IRIX,2025-07-17
IRS,2025-10-27
IRS.WS,2025-10-27
IRWD,2025-08-07
ISPC,2025-02-24
ISPC,2025-04-01
ISPC,2025-04-09
ISPC,2025-09-05
ISPC,2025-09-09
ISPC,2025-09-12
ISPO,2025-05-30
ISPR,2025-04-09
ISSC,2025-05-15
ISUL,2025-10-22
IVDA,2025-10-02
IVF,2025-04-30
IVF,2025-05-05
IVF,2025-06-25
IVF,2025-07-22
IVF,2025-10-16
IVP,2025-05-30
IVP,2025-08-14
IVVD,2025-02-03
IVVD,2025-02-04
IVVD,2025-02-05
IVVD,2025-02-07
IVVD,2025-02-21
IVVD,2025-03-04
IVVD,2025-05-13
IVVD,2025-08-26
IVVD,2025-10-06
IXHL,2025-03-19
IXHL,2025-04-08
IXHL,2025-05-15
IXHL,2025-07-24
IZEA,2025-05-14
IZEA,2025-10-10
JAGX,2025-04-10
JAGX,2025-04-25
JBDI,2025-05-06
JBDI,2025-05-08
JBDI,2025-09-10
JBDI,2025-09-12
JBDI,2025-10-06
JBIO,2025-05-02
JCSE,2025-04-07
JCSE,2025-05-05
JCSE,2025-05-09
JCSE,2025-09-10
JDZG,2025-04-09
JDZG,2025-04-16
JDZG,2025-04-28
JDZG,2025-06-11
JDZG,2025-06-24
JDZG,2025-10-14
JEM,2025-06-11
JEM,2025-06-25
JEM,2025-07-03
JEM,2025-07-30
JEM,2025-09-03
JFB,2025-07-14
JFB,2025-09-26
JFB,2025-09-29
JFBR,2025-04-30
JFBR,2025-06-10
JFIN,2025-03-04
JFIN,2025-03-27
JFU,2025-02-14
JFU,2025-04-30
JFU,2025-08-11
JFU,2025-08-25
JFU,2025-10-09
JFU,2025-10-10
JFU,2025-10-20
JG,2025-01-27
JG,2025-02-05
JG,2025-02-10
JL,2025-01-27
JL,2025-01-28
JL,2025-01-30
JL,2025-01-31
JMIA,2025-08-07
JOBY,2025-05-28
JOBY.WS,2025-04-09
JOBY.WS,2025-05-28
JOBY.WS,2025-06-03
JOBY.WS,2025-06-09
JOBY.WS,2025-06-30
JOBY.WS,2025-07-16
JOBY.WS,2025-08-04
JSPR,2025-07-09
JTAI,2025-02-14
JTAI,2025-02-19
JTAI,2025-02-25
JTAI,2025-03-17
JUNS,2025-06-11
JUNS,2025-06-18
JUNS,2025-07-02
JUNS,2025-07-03
JUNS,2025-07-11
JVA,2025-02-03
JVA,2025-06-13
JWEL,2025-07-01
JWEL,2025-10-21
JXG,2025-07-15
JXG,2025-07-22
JXG,2025-09-23
JYD,2025-01-22
JYD,2025-04-03
JYD,2025-04-23
JYD,2025-05-12
JYD,2025-09-22
JZ,2025-05-08
JZ,2025-05-12
JZ,2025-09-08
JZXN,2025-01-24
JZXN,2025-01-27
JZXN,2025-01-28
JZXN,2025-02-07
JZXN,2025-02-19
JZXN,2025-03-04
JZXN,2025-04-08
JZXN,2025-06-18
JZXN,2025-09-19
JZXN,2025-09-23
JZXN,2025-09-24
KALA,2025-04-29
KALV,2025-07-07
KAVL,2025-01-08
KAVL,2025-07-14
KAVL,2025-08-29
KBSX,2025-01-29
KBSX,2025-03-18
KBSX,2025-03-25
KBSX,2025-04-10
KBSX,2025-05-02
KBSX,2025-06-11
KDKRW,2025-10-10
KEQU,2025-06-26
KIDZ,2025-04-14
KIDZ,2025-05-01
KIDZ,2025-05-02
KIDZ,2025-05-08
KIDZ,2025-05-16
KIDZ,2025-06-02
KIDZ,2025-06-03
KIDZ,2025-07-31
KIDZ,2025-09-09
KIDZ,2025-09-10
KITT,2025-01-03
KITT,2025-01-06
KITT,2025-01-10
KITT,2025-01-14
KITT,2025-01-15
KITT,2025-01-31
KITT,2025-03-06
KITT,2025-09-22
KITT,2025-10-27
KLRS,2025-09-03
KLRS,2025-09-16
KLRS,2025-10-06
KLTO,2025-06-09
KLTO,2025-06-10
KLTO,2025-06-12
KLTO,2025-06-30
KMRK,2025-08-04
KMRK,2025-09-02
KOD,2025-09-22
KOPN,2025-01-23
KOSS,2025-07-23
KPLT,2025-01-16
KPLT,2025-09-02
KPRX,2025-06-03
KPTI,2025-08-15
KPTI,2025-09-23
KRKR,2025-01-29
KRKR,2025-09-08
KRUS,2025-04-09
KSCP,2025-04-15
KSS,2025-07-22
KTTA,2025-02-05
KTTA,2025-04-10
KTTA,2025-05-06
KTTA,2025-05-16
KWM,2025-06-04
KWM,2025-06-09
KWM,2025-06-10
KWM,2025-06-16
KWM,2025-09-05
KXIN,2025-10-20
KXIN,2025-10-31
KYIV,2025-08-18
KYMR,2025-06-02
KYTX,2025-10-08
KZIA,2025-01-30
KZIA,2025-03-07
KZIA,2025-06-03
KZIA,2025-06-11
KZIA,2025-07-09
KZR,2025-10-17
LAB,2025-01-13
LAB,2025-06-23
LAC,2025-09-24
LAC,2025-10-01
LAC,2025-10-03
LAES,2025-01-15
LAES,2025-05-21
LAES,2025-10-09
LAES,2025-10-14
LANV,2025-03-11
LAR,2025-08-11
LASE,2025-07-08
LASE,2025-08-19
LASE,2025-08-25
LASE,2025-09-18
LASE,2025-09-22
LASR,2025-05-09
LASR,2025-08-08
LAWR,2025-08-07
LAWR,2025-09-02
LAWR,2025-09-18
LAYS,2025-04-09
LAYS,2025-10-06
LAZR,2025-01-06
LAZR,2025-03-21
LAZR,2025-10-24
LBGJ,2025-02-26
LBGJ,2025-02-27
LBGJ,2025-02-28
LBGJ,2025-03-06
LBGJ,2025-03-07
LBGJ,2025-04-03
LBGJ,2025-05-30
LBGJ,2025-09-09
LBRT,2025-10-17
LC,2025-07-30
LCDL,2025-07-17
LCDL,2025-09-05
LCFY,2025-04-28
LCFY,2025-06-27
LCFY,2025-09-03
LCFYW,2025-01-03
LCFYW,2025-01-10
LCFYW,2025-01-13
LCFYW,2025-01-21
LCFYW,2025-01-22
LCFYW,2025-01-23
LCFYW,2025-02-03
LCFYW,2025-02-05
LCFYW,2025-02-06
LCFYW,2025-02-25
LCFYW,2025-02-27
LCFYW,2025-03-06
LCFYW,2025-03-26
LCFYW,2025-06-27
LCFYW,2025-07-09
LCFYW,2025-08-29
LCID,2025-07-17
LDI,2025-09-05
LDI,2025-09-08
LEDS,2025-01-21
LEDS,2025-09-12
LEE,2025-09-16
LEG,2025-04-29
LEXX,2025-08-25
LEXXW,2025-01-10
LFMD,2025-03-11
LFMD,2025-04-29
LFS,2025-10-10
LFVN,2025-01-08
LFWD,2025-01-06
LFWD,2025-02-10
LFWD,2025-02-11
LFWD,2025-03-13
LGCB,2025-01-15
LGCB,2025-04-04
LGCB,2025-04-07
LGCB,2025-10-16
LGCL,2025-01-29
LGCL,2025-06-20
LGHL,2025-05-12
LGHL,2025-06-18
LGHL,2025-08-28
LGHL,2025-09-09
LGO,2025-10-13
LGVN,2025-07-08
LHAI,2025-07-25
LHAI,2025-08-06
LHSW,2025-04-09
LHSW,2025-05-19
LHSW,2025-06-25
LICN,2025-04-01
LICN,2025-04-09
LICN,2025-05-12
LICN,2025-05-13
LICN,2025-08-04
LIDR,2025-01-03
LIDR,2025-01-07
LIDR,2025-06-30
LIDR,2025-07-24
LIDR,2025-07-25
LIDR,2025-07-28
LIMN,2025-06-04
LIMN,2025-06-05
LIMN,2025-06-12
LIMN,2025-06-23
LIMN,2025-06-24
LIMN,2025-06-30
LIMN,2025-07-10
LIMN,2025-07-22
LIMN,2025-07-24
LIMN,2025-08-22
LINK,2025-06-23
LINK,2025-06-27
LINK,2025-09-17
LIQT,2025-07-22
LITB,2025-03-31
LITB,2025-09-04
LITM,2025-01-13
LITM,2025-01-21
LITM,2025-01-23
LITM,2025-02-04
LITM,2025-03-18
LITM,2025-03-21
LITM,2025-10-13
LIVE,2025-04-15
LIVE,2025-04-16
LIVE,2025-05-08
LIVE,2025-06-23
LIVE,2025-06-26
LIVE,2025-08-14
LIVE,2025-09-11
LIXT,2025-07-01
LIXT,2025-07-02
LIXT,2025-07-03
LIXT,2025-07-10
LMFA,2025-06-24
LMFA,2025-07-11
LMFA,2025-07-18
LMFA,2025-07-21
LMND,2025-08-05
LNKS,2025-06-04
LNSR,2025-02-27
LNZA,2025-02-18
LNZA,2025-03-31
LNZA,2025-04-01
LNZA,2025-05-28
LNZA,2025-05-30
LNZA,2025-07-22
LNZA,2025-07-24
LNZA,2025-08-20
LNZA,2025-09-22
LOBO,2025-02-12
LOBO,2025-05-13
LOBO,2025-05-15
LOBO,2025-08-01
LOBO,2025-08-05
LOBO,2025-10-16
LOCL,2025-04-03
LOCL,2025-04-04
LOCL,2025-07-28
LOCL,2025-09-17
LOMA,2025-10-27
LOOP,2025-06-04
LOOP,2025-07-28
LOT,2025-02-18
LOT,2025-03-24
LPSN,2025-08-06
LPTH,2025-09-03
LRE,2025-06-26
LRE,2025-08-06
LRE,2025-09-15
LRE,2025-09-26
LRE,2025-10-23
LRHC,2025-01-08
LRHC,2025-01-29
LRHC,2025-02-12
LRHC,2025-04-24
LRHC,2025-05-30
LRHC,2025-07-03
LRMR,2025-10-01
LSE,2025-03-18
LSE,2025-03-19
LSE,2025-04-01
LSE,2025-06-13
LSE,2025-06-16
LSE,2025-06-18
LSH,2025-05-12
LSH,2025-08-29
LTBR,2025-01-03
LTBR,2025-01-23
LTBR,2025-01-30
LTBR,2025-02-07
LTBR,2025-02-12
LTBR,2025-05-23
LTRN,2025-01-06
LTRN,2025-01-24
LUCD,2025-02-10
LUCY,2025-04-09
LUCY,2025-04-10
LUCY,2025-04-29
LUCY,2025-05-14
LUCY,2025-06-20
LUNG,2025-02-20
LUNG,2025-10-28
LUNR,2025-03-24
LUNR,2025-05-13
LVLU,2025-03-20
LVLU,2025-07-01
LVLU,2025-07-02
LVLU,2025-07-07
LVLU,2025-07-31
LVLU,2025-09-08
LVLU,2025-09-15
LVO,2025-01-31
LVRO,2025-09-16
LVWR,2025-04-09
LVWR,2025-05-15
LVWR,2025-05-27
LVWR,2025-05-28
LVWR,2025-05-30
LVWR,2025-06-04
LVWR,2025-06-10
LVWR,2025-09-08
LWLG,2025-07-16
LWLG,2025-07-22
LWLG,2025-08-26
LXEH,2025-02-04
LXEH,2025-03-26
LXEH,2025-03-28
LXEH,2025-04-01
LXEH,2025-04-07
LXEH,2025-05-06
LXEH,2025-07-31
LXEH,2025-08-01
LXEH,2025-08-25
LXEO,2025-03-24
LXEO,2025-04-09
LXEO,2025-09-24
LXEO,2025-10-07
LYEL,2025-03-19
LYEL,2025-06-04
LYRA,2025-05-07
LYRA,2025-05-14
LYRA,2025-06-02
LYRA,2025-06-03
LZ,2025-05-08
LZ,2025-08-08
LZMH,2025-03-06
LZMH,2025-03-07
LZMH,2025-03-10
LZMH,2025-03-13
LZMH,2025-03-26
LZMH,2025-05-29
LZMH,2025-06-18
LZMH,2025-06-26
LZMH,2025-07-15
LZMH,2025-07-18
LZMH,2025-08-07
MAGH,2025-10-17
MAMK,2025-09-11
MAMK,2025-10-14
MAMK,2025-10-15
MAMK,2025-10-24
MAMK,2025-10-27
MAMK,2025-10-29
MAPS,2025-08-11
MARPS,2025-06-16
MARPS,2025-06-17
MASK,2025-08-19
MASK,2025-08-26
MASS,2025-01-15
MASS,2025-03-04
MASS,2025-03-12
MATV,2025-08-07
MAXI,2025-04-09
MAZE,2025-07-08
MAZE,2025-09-11
MB,2025-04-14
MB,2025-06-06
MB,2025-06-11
MB,2025-07-10
MB,2025-08-18
MB,2025-08-28
MBAVU,2025-07-03
MBAVW,2025-05-27
MBAVW,2025-06-11
MBIO,2025-01-24
MBIO,2025-01-28
MBIO,2025-07-01
MBIO,2025-07-07
MBIO,2025-07-09
MBOT,2025-01-03
MBOT,2025-01-06
MBOT,2025-01-22
MBOT,2025-04-09
MBOT,2025-04-11
MBRX,2025-02-13
MBRX,2025-02-14
MBRX,2025-02-25
MBVIW,2025-10-21
MBX,2025-09-22
MCRB,2025-01-22
MCRI,2025-07-17
MCTA,2025-10-27
MCTA,2025-10-28
MCTA,2025-10-29
MCTA,2025-10-30
MCTR,2025-01-23
MCTR,2025-02-26
MCTR,2025-04-10
MCTR,2025-06-03
MCTR,2025-06-04
MCTR,2025-06-05
MCTR,2025-06-17
MCTR,2025-09-08
MCTR,2025-10-31
MDB,2025-08-27
MDCX,2025-03-12
MDCX,2025-05-12
MDCXW,2025-01-06
MDCXW,2025-01-07
MDCXW,2025-01-21
MDCXW,2025-02-06
MDCXW,2025-03-05
MDCXW,2025-04-15
MDCXW,2025-05-12
MDCXW,2025-05-14
MDCXW,2025-05-15
MDCXW,2025-05-16
MDCXW,2025-05-19
MDCXW,2025-05-20
MDCXW,2025-05-27
MDCXW,2025-05-29
MDCXW,2025-06-26
MDCXW,2025-09-17
MDCXW,2025-09-18
MDCXW,2025-10-02
MDCXW,2025-10-28
MDIA,2025-06-10
MDIA,2025-07-07
MEDP,2025-07-22
MEG,2025-02-27
MEG,2025-05-08
MEG,2025-08-07
MEGL,2025-01-06
MEGL,2025-02-24
MEGL,2025-05-07
MEGL,2025-06-10
MEGL,2025-06-12
MEGL,2025-07-24
MENS,2025-08-08
MENS,2025-10-01
MESO,2025-07-18
METC,2025-03-11
METC,2025-07-10
METCB,2025-08-14
METU,2025-04-09
MFI,2025-01-03
MFI,2025-02-25
MFI,2025-05-30
MFI,2025-06-02
MFI,2025-06-04
MFI,2025-06-05
MFI,2025-06-09
MFI,2025-06-11
MFI,2025-06-16
MFI,2025-06-23
MFI,2025-06-24
MFI,2025-08-08
MFI,2025-09-12
MFI,2025-09-15
MGIH,2025-01-14
MGIH,2025-02-21
MGIH,2025-09-08
MGIH,2025-09-09
MGIH,2025-09-11
MGIH,2025-09-12
MGNX,2025-06-10
MGRT,2025-07-29
MGRT,2025-08-01
MGRT,2025-08-06
MGRT,2025-09-12
MGRT,2025-10-17
MGRT,2025-10-28
MGRX,2025-07-18
MGTX,2025-03-13
MGX,2025-01-22
MHUA,2025-05-12
MIGI,2025-04-25
MIGI,2025-05-12
MIGI,2025-10-01
MIGI,2025-10-02
MIGI,2025-10-15
MIGI,2025-10-16
MIMI,2025-09-10
MIND,2025-04-23
MIND,2025-06-23
MIRA,2025-03-13
MIRA,2025-04-16
MIRA,2025-07-14
MIRA,2025-10-16
MKDW,2025-04-07
MKTW,2025-03-03
MKTW,2025-04-11
MKZR,2025-01-03
MKZR,2025-02-13
MKZR,2025-07-23
MLEC,2025-02-26
MLGO,2025-01-27
MLGO,2025-02-21
MLGO,2025-02-27
MLGO,2025-03-05
MLGO,2025-03-24
MLGO,2025-03-25
MLGO,2025-03-27
MLGO,2025-03-31
MLGO,2025-04-01
MLGO,2025-04-21
MLGO,2025-04-28
MLGO,2025-05-12
MLGO,2025-05-22
MLGO,2025-07-02
MLGO,2025-07-09
MLGO,2025-09-17
MLYS,2025-03-10
MLYS,2025-09-02
MNDR,2025-02-12
MNDR,2025-02-20
MNDR,2025-03-03
MNDR,2025-08-13
MNDY,2025-02-10
MNKD,2025-09-02
MNOV,2025-10-31
MNRO,2025-05-28
MNTN,2025-05-22
MNTS,2025-01-21
MNTS,2025-02-10
MNTS,2025-03-19
MNTS,2025-06-09
MNTS,2025-06-30
MNTS,2025-08-13
MNTS,2025-10-14
MNY,2025-07-15
MNY,2025-07-16
MOBBW,2025-08-25
MOBBW,2025-09-05
MOBBW,2025-09-11
MOBBW,2025-10-15
MOBBW,2025-10-17
MOBBW,2025-10-20
MOBX,2025-01-22
MOBX,2025-07-21
MOBX,2025-08-28
MODD,2025-04-08
MODD,2025-09-12
MOFG,2025-10-24
MOGO,2025-05-02
MOGO,2025-05-13
MOGO,2025-07-02
MOGU,2025-09-11
MOLN,2025-08-25
MOVE,2025-05-13
MOVE,2025-07-15
MOVE,2025-08-22
MOVE,2025-08-29
MOVE,2025-09-03
MP,2025-07-10
MPAA,2025-02-10
MPAA,2025-08-11
MRAL,2025-03-24
MRAL,2025-04-09
MRAL,2025-04-22
MRAL,2025-09-29
MRKR,2025-03-05
MRKR,2025-03-10
MRKR,2025-05-30
MRKR,2025-07-17
MRM,2025-04-09
MRM,2025-04-10
MRM,2025-05-20
MRM,2025-05-21
MRM,2025-08-08
MRM,2025-09-08
MRM,2025-09-26
MRSN,2025-01-24
MRUS,2025-05-23
MRUS,2025-09-29
MRVI,2025-08-12
MSAI,2025-01-07
MSAI,2025-02-18
MSAI,2025-10-23
MSAI,2025-10-29
MSAI,2025-10-30
MSAI,2025-10-31
MSC,2025-07-01
MSC,2025-08-07
MSC,2025-09-11
MSGM,2025-04-16
MSGM,2025-04-17
MSGY,2025-07-09
MSGY,2025-07-18
MSGY,2025-07-23
MSGY,2025-09-04
MSPR,2025-02-06
MSPR,2025-04-11
MSPR,2025-09-05
MSS,2025-01-06
MSS,2025-09-08
MSS,2025-09-09
MSS,2025-09-29
MSS,2025-09-30
MSTX,2025-03-03
MSTX,2025-03-04
MSTX,2025-04-09
MSW,2025-01-10
MSW,2025-02-19
MSW,2025-05-12
MSW,2025-05-13
MSW,2025-05-22
MSW,2025-06-17
MSW,2025-08-12
MSW,2025-08-20
MTC,2025-04-10
MTC,2025-08-11
MTC,2025-09-10
MTEKW,2025-01-06
MTEN,2025-03-14
MTEN,2025-03-17
MTEN,2025-04-07
MTEN,2025-04-21
MTEN,2025-05-06
MTEN,2025-07-10
MTEN,2025-07-11
MTEN,2025-10-16
MTEX,2025-01-29
MTEX,2025-10-13
MTR,2025-06-13
MTR,2025-06-18
MTVA,2025-09-15
MULL,2025-04-09
MURA,2025-04-15
MUU,2025-04-09
MVIS,2025-02-19
MVLL,2025-04-09
MVST,2025-01-10
MVST,2025-04-01
MVST,2025-05-13
MWYN,2025-05-09
MWYN,2025-05-12
MWYN,2025-05-21
MWYN,2025-08-01
MWYN,2025-09-10
MXL,2025-07-24
MYE,2025-03-06
MYGN,2025-08-06
MYNZ,2025-01-30
MYSZ,2025-03-28
MYSZ,2025-03-31
NA,2025-06-04
NA,2025-06-09
NA,2025-06-24
NAAS,2025-02-21
NAAS,2025-04-28
NAKA,2025-05-27
NAKA,2025-06-11
NAKA,2025-08-08
NAKA,2025-08-11
NAKA,2025-09-05
NAKA,2025-09-09
NAMI,2025-03-03
NAMI,2025-05-20
NAMI,2025-08-27
NAMM,2025-07-02
NAMM,2025-08-01
NAMM,2025-10-13
NAOV,2025-01-06
NAOV,2025-01-15
NAOV,2025-01-30
NAOV,2025-02-06
NAOV,2025-02-14
NAOV,2025-03-17
NAOV,2025-03-20
NAOV,2025-04-08
NAOV,2025-04-14
NAOV,2025-05-01
NAOV,2025-05-28
NAOV,2025-05-29
NAOV,2025-06-11
NAOV,2025-06-27
NAOV,2025-09-15
NAUT,2025-05-13
NAUT,2025-10-21
NB,2025-04-14
NB,2025-04-16
NBIS,2025-09-09
NBTX,2025-10-08
NCEW,2025-03-20
NCEW,2025-05-07
NCEW,2025-06-03
NCEW,2025-06-24
NCEW,2025-08-26
NCEW,2025-09-09
NCI,2025-01-03
NCI,2025-02-25
NCI,2025-05-20
NCI,2025-06-16
NCI,2025-09-04
NCI,2025-10-27
NCNA,2025-03-27
NCNA,2025-05-05
NCNA,2025-05-14
NCNA,2025-05-15
NCNA,2025-06-03
NCNA,2025-06-06
NCNA,2025-06-09
NCNA,2025-06-10
NCNA,2025-06-11
NCNA,2025-07-09
NCNA,2025-09-30
NCNA,2025-10-07
NCPL,2025-05-30
NCPL,2025-06-16
NCPL,2025-06-20
NCPL,2025-06-30
NCRA,2025-01-14
NCRA,2025-05-07
NCRA,2025-05-27
NCSM,2025-03-17
NCT,2025-04-15
NCT,2025-04-22
NCT,2025-08-20
NCT,2025-09-16
NDLS,2025-01-24
NDLS,2025-10-22
NDRA,2025-04-07
NDRA,2025-04-17
NDRA,2025-04-29
NDRA,2025-07-08
NDRA,2025-10-13
NE.WS,2025-02-25
NE.WS.A,2025-04-07
NE.WS.A,2025-04-09
NE.WS.A,2025-04-28
NEGG,2025-05-14
NEGG,2025-06-05
NEGG,2025-06-09
NEGG,2025-06-30
NEGG,2025-07-10
NEGG,2025-07-11
NEGG,2025-07-29
NEGG,2025-07-31
NEGG,2025-08-08
NEGG,2025-08-13
NEGG,2025-08-14
NEGG,2025-08-20
NEGG,2025-09-04
NEGG,2025-10-24
NEON,2025-06-13
NEON,2025-06-16
NEOVW,2025-01-30
NEOVW,2025-02-11
NEOVW,2025-04-10
NEOVW,2025-04-15
NEOVW,2025-05-27
NEOVW,2025-05-30
NEOVW,2025-08-15
NEOVW,2025-09-09
NEPH,2025-06-20
NEPH,2025-08-08
NERV,2025-08-15
NERV,2025-10-08
NERV,2025-10-21
NEUP,2025-01-24
NEUP,2025-08-27
NEUP,2025-10-03
NEUP,2025-10-24
NEXN,2025-03-05
NFE,2025-04-09
NFE,2025-06-30
NFE,2025-09-16
NFE,2025-09-17
NFE,2025-09-22
NGNE,2025-02-05
NGNE,2025-07-01
NGVC,2025-05-09
NINE,2025-01-21
NINE,2025-06-18
NINE,2025-06-23
NIOBW,2025-09-25
NIOBW,2025-10-03
NIOBW,2025-10-06
NIOBW,2025-10-13
NIOBW,2025-10-20
NIPG,2025-02-06
NIPG,2025-03-14
NIPG,2025-03-17
NIPG,2025-03-20
NITO,2025-01-03
NITO,2025-01-08
NITO,2025-01-23
NITO,2025-02-26
NITO,2025-03-07
NITO,2025-05-02
NITO,2025-05-05
NITO,2025-05-09
NITO,2025-07-24
NITO,2025-10-07
NIVF,2025-02-06
NIVF,2025-02-12
NIVF,2025-02-19
NIVF,2025-03-05
NIVF,2025-04-03
NIVF,2025-05-02
NIVF,2025-05-05
NIVF,2025-05-06
NIVF,2025-06-02
NIVF,2025-06-03
NIVF,2025-10-16
NIXX,2025-02-24
NIXX,2025-02-27
NKTR,2025-04-11
NKTR,2025-06-10
NKTR,2025-06-24
NKTR,2025-06-25
NKTX,2025-03-27
NMAX,2025-04-01
NMAX,2025-04-03
NMAX,2025-04-07
NMG,2025-10-13
NMRA,2025-06-09
NMRA,2025-07-09
NMRA,2025-07-11
NMRA,2025-10-23
NNAVW,2025-03-05
NNAVW,2025-03-13
NNAVW,2025-03-26
NNAVW,2025-03-28
NNBR,2025-01-14
NNE,2025-01-21
NNE,2025-05-23
NNNN,2025-06-20
NNNN,2025-06-25
NNNN,2025-10-03
NOTE,2025-02-10
NPACW,2025-06-20
NPT,2025-10-27
NPT,2025-10-29
NPWR,2025-05-29
NPWR,2025-06-06
NPWR,2025-10-08
NPWR.WS,2025-10-06
NPWR.WS,2025-10-08
NPWR.WS,2025-10-29
NRDS,2025-05-07
NRGV,2025-05-12
NRGV,2025-07-24
NRGV,2025-08-07
NRSN,2025-09-10
NRSNW,2025-01-14
NRSNW,2025-07-31
NRXP,2025-01-06
NRXP,2025-01-07
NRXP,2025-01-10
NRXP,2025-01-28
NSYS,2025-05-07
NSYS,2025-06-23
NTCL,2025-01-08
NTCL,2025-01-28
NTCL,2025-03-07
NTCL,2025-04-04
NTCL,2025-05-06
NTCL,2025-05-07
NTCL,2025-05-29
NTCL,2025-06-10
NTCL,2025-06-20
NTCL,2025-07-21
NTCL,2025-07-29
NTCL,2025-08-11
NTHI,2025-03-28
NTHI,2025-04-03
NTHI,2025-04-04
NTHI,2025-05-08
NTHI,2025-07-02
NTLA,2025-09-18
NTRB,2025-01-22
NTRB,2025-01-23
NTRB,2025-02-07
NTRB,2025-04-30
NTRB,2025-06-02
NTRB,2025-07-02
NTRBW,2025-01-22
NTRBW,2025-01-23
NTRBW,2025-01-30
NTRBW,2025-01-31
NTRBW,2025-02-04
NTRBW,2025-02-07
NTRBW,2025-02-24
NTRBW,2025-02-25
NTRBW,2025-02-26
NTRBW,2025-02-27
NTRBW,2025-03-04
NTRBW,2025-03-05
NTRBW,2025-03-06
NTRBW,2025-03-07
NTRBW,2025-03-10
NTRBW,2025-03-17
NTRBW,2025-04-30
NTRBW,2025-06-02
NTRBW,2025-07-02
NTRBW,2025-09-11
NTRBW,2025-10-02
NTRBW,2025-10-17
NTRP,2025-02-12
NTRP,2025-05-02
NTRP,2025-10-24
NTZ,2025-08-04
NUAI,2025-09-23
NUAI,2025-09-25
NUAI,2025-09-26
NUAI,2025-09-29
NUAI,2025-10-09
NUAI,2025-10-14
NUAI,2025-10-15
NUAI,2025-10-17
NUAI,2025-10-20
NUAI,2025-10-24
NUAIW,2025-10-20
NUAIW,2025-10-27
NUKK,2025-01-06
NUKK,2025-01-15
NUKK,2025-01-17
NUKK,2025-02-26
NUKK,2025-05-21
NUKK,2025-06-13
NUKK,2025-08-26
NUKK,2025-08-29
NUKK,2025-09-02
NUKK,2025-10-13
NUS,2025-02-14
NUTX,2025-04-01
NUTX,2025-05-14
NUWE,2025-01-30
NUWE,2025-06-11
NUWE,2025-07-16
NUWE,2025-10-30
NVA,2025-10-13
NVA,2025-10-14
NVA,2025-10-16
NVAWW,2025-01-03
NVAWW,2025-04-14
NVAWW,2025-05-08
NVAWW,2025-07-30
NVAWW,2025-08-15
NVAWW,2025-08-25
NVAWW,2025-09-09
NVAWW,2025-09-18
NVAWW,2025-09-29
NVAWW,2025-10-01
NVAWW,2025-10-03
NVAWW,2025-10-06
NVAWW,2025-10-10
NVAWW,2025-10-13
NVAWW,2025-10-14
NVAWW,2025-10-16
NVAWW,2025-10-23
NVAWW,2025-10-31
NVAX,2025-05-19
NVD,2025-01-27
NVDG,2025-04-09
NVDL,2025-04-09
NVDU,2025-04-09
NVNI,2025-01-24
NVNI,2025-01-27
NVNI,2025-01-28
NVNI,2025-01-29
NVNI,2025-02-24
NVNI,2025-03-07
NVNI,2025-03-14
NVNI,2025-03-26
NVNI,2025-03-27
NVNI,2025-04-29
NVNI,2025-04-30
NVNI,2025-05-01
NVNI,2025-05-05
NVNI,2025-05-09
NVNI,2025-07-28
NVNI,2025-07-31
NVNI,2025-09-17
NVNI,2025-09-18
NVNI,2025-09-22
NVNI,2025-10-14
NVNO,2025-06-06
NVNO,2025-07-17
NVTS,2025-05-22
NVTS,2025-05-27
NVTS,2025-07-21
NVTS,2025-10-14
NVVE,2025-01-28
NVVE,2025-02-04
NVVE,2025-02-28
NVVE,2025-05-08
NVVE,2025-05-09
NVVE,2025-05-29
NVVE,2025-06-02
NVX,2025-07-15
NVX,2025-07-17
NVX,2025-07-21
NVX,2025-10-03
NVX,2025-10-09
NVX,2025-10-10
NWGL,2025-06-17
NWGL,2025-06-18
NWGL,2025-09-03
NWTG,2025-03-31
NWTG,2025-04-04
NWTG,2025-04-07
NXGLW,2025-02-13
NXL,2025-08-22
NXL,2025-10-08
NXPL,2025-01-06
NXPL,2025-10-15
NXPL,2025-10-30
NXTC,2025-04-15
NXTC,2025-10-17
NXTT,2025-01-23
NXTT,2025-02-20
NXTT,2025-02-26
NXTT,2025-02-27
NXTT,2025-05-09
NXTT,2025-05-12
NXTT,2025-05-15
NXTT,2025-05-22
NXTT,2025-06-20
NXTT,2025-08-29
NXTT,2025-09-08
NXTT,2025-09-11
NXXT,2025-03-05
NXXT,2025-09-23
NXXT,2025-10-07
OACCW,2025-01-03
OACCW,2025-02-25
OACCW,2025-03-17
OBLG,2025-04-22
OBLG,2025-06-09
OCC,2025-07-08
OCC,2025-07-14
OCC,2025-09-11
OCG,2025-03-27
OCG,2025-03-28
OCG,2025-05-07
OCG,2025-08-26
OCSAW,2025-01-10
ODD,2025-04-30
ODP,2025-05-07
ODP,2025-09-22
ODYS,2025-06-27
OESX,2025-08-06
OFAL,2025-05-27
OFAL,2025-07-11
OFAL,2025-07-23
OFAL,2025-09-10
OKLL,2025-07-24
OKLL,2025-09-15
OKLL,2025-09-18
OKLL,2025-09-19
OKLL,2025-10-06
OKLL,2025-10-10
OKLL,2025-10-13
OKLO,2025-05-23
OKLO,2025-06-11
OKLO,2025-09-19
OKYO,2025-01-29
OLB,2025-04-25
OLMA,2025-09-05
OM,2025-03-20
OM,2025-05-08
OM,2025-08-07
OMER,2025-10-15
OMEX,2025-04-24
OMEX,2025-04-25
OMEX,2025-04-28
OMEX,2025-10-06
OMH,2025-04-17
OMH,2025-04-29
OMH,2025-04-30
OMH,2025-05-19
OMH,2025-06-09
OMH,2025-09-10
OMI,2025-02-28
OMSE,2025-10-06
OMSE,2025-10-21
ONCHW,2025-09-17
ONCHW,2025-09-22
ONCO,2025-01-03
ONCO,2025-01-13
ONCO,2025-01-27
ONCO,2025-03-27
ONCO,2025-04-08
ONCO,2025-05-14
ONCO,2025-05-16
ONCO,2025-07-31
ONDS,2025-03-11
ONEG,2025-03-03
ONEG,2025-05-06
ONEG,2025-05-07
ONEG,2025-06-18
ONEG,2025-06-30
ONEG,2025-08-11
ONEW,2025-01-30
ONFO,2025-04-02
ONFO,2025-06-24
ONFO,2025-09-15
ONMD,2025-08-14
ONMD,2025-10-06
ONMD,2025-10-10
OPAD,2025-07-16
OPAD,2025-07-17
OPAD,2025-07-21
OPAD,2025-08-25
OPAD,2025-08-28
OPAD,2025-09-11
OPAL,2025-05-28
OPEN,2025-07-16
OPEN,2025-07-17
OPEN,2025-07-18
OPEN,2025-07-21
OPEN,2025-08-22
OPEN,2025-09-11
OPFI.WS,2025-01-10
OPFI.WS,2025-01-14
OPFI.WS,2025-01-15
OPFI.WS,2025-01-28
OPFI.WS,2025-08-06
OPRT,2025-02-13
OPRX,2025-03-12
OPRX,2025-05-13
OPRX,2025-08-08
OPTX,2025-03-04
OPTX,2025-04-15
OPTX,2025-04-22
ORBS,2025-09-12
ORBS,2025-09-18
ORBS,2025-10-06
ORBS,2025-10-10
ORCL,2025-09-10
ORCX,2025-09-10
ORGN,2025-02-20
ORGO,2025-02-28
ORIC,2025-05-29
ORIS,2025-01-14
ORIS,2025-02-24
ORIS,2025-05-13
ORKA,2025-09-29
ORKT,2025-01-27
ORKT,2025-01-28
ORKT,2025-01-31
ORKT,2025-05-08
ORMP,2025-02-11
OSCR,2025-05-07
OSRH,2025-02-19
OSRH,2025-02-21
OSRH,2025-03-18
OSRH,2025-03-26
OSRH,2025-04-03
OSRH,2025-05-30
OSRH,2025-08-25
OST,2025-01-13
OST,2025-01-14
OST,2025-01-23
OST,2025-01-24
OST,2025-03-20
OST,2025-04-15
OST,2025-04-17
OST,2025-04-24
OST,2025-07-03
OTLY,2025-02-13
OUST,2025-03-21
OUST,2025-06-11
OUST,2025-08-08
OWLT,2025-08-08
OXBR,2025-05-06
OXBR,2025-05-09
OXBR,2025-05-12
OXBR,2025-07-02
PACB,2025-02-14
PACK,2025-01-29
PACK,2025-08-26
PACS,2025-09-11
PAL,2025-02-10
PAL,2025-05-02
PALI,2025-05-13
PALI,2025-07-23
PALI,2025-08-07
PALI,2025-10-01
PALI,2025-10-02
PALI,2025-10-06
PAM,2025-10-27
PASG,2025-05-29
PASG,2025-07-25
PAVS,2025-07-31
PAVS,2025-09-04
PBM,2025-01-13
PBM,2025-01-23
PBM,2025-01-29
PBM,2025-05-05
PBM,2025-05-19
PBM,2025-05-30
PBM,2025-07-22
PBM,2025-07-24
PBM,2025-07-31
PBM,2025-08-04
PBM,2025-09-18
PBYI,2025-08-11
PC,2025-02-19
PC,2025-10-02
PCLA,2025-01-23
PCLA,2025-01-24
PCLA,2025-01-27
PCLA,2025-02-26
PCLA,2025-06-03
PCLA,2025-07-10
PCT,2025-06-17
PCTTU,2025-06-17
PCTTW,2025-01-17
PCTTW,2025-01-29
PCTTW,2025-02-18
PCTTW,2025-04-22
PCTTW,2025-05-08
PCTTW,2025-05-16
PCTTW,2025-05-22
PCTTW,2025-06-17
PCTTW,2025-07-07
PDSB,2025-02-26
PDSB,2025-02-27
PDYN,2025-01-14
PDYN,2025-01-22
PDYN,2025-07-17
PEGA,2025-04-23
PEPG,2025-02-24
PEPG,2025-02-27
PEPG,2025-02-28
PEPG,2025-09-16
PEPG,2025-09-24
PEPG,2025-09-25
PETZ,2025-09-16
PEW.WS,2025-07-18
PFAI,2025-09-05
PFAI,2025-10-15
PFSA,2025-07-28
PGEN,2025-08-15
PGY,2025-08-07
PHAR,2025-08-08
PHAT,2025-05-09
PHAT,2025-06-06
PHIO,2025-01-13
PHIO,2025-01-16
PHIO,2025-01-28
PHIO,2025-04-09
PHIO,2025-04-15
PHIO,2025-06-05
PHIO,2025-07-25
PHOE,2025-06-16
PHOE,2025-06-30
PHOE,2025-07-17
PHOE,2025-07-24
PHOE,2025-10-07
PI,2025-07-31
PIII,2025-01-14
PIII,2025-07-30
PIII,2025-09-18
PL,2025-06-05
PL,2025-09-08
PL.WS,2025-07-01
PL.WS,2025-09-08
PL.WS,2025-09-11
PLBY,2025-01-31
PLBY,2025-05-16
PLCE,2025-07-22
PLRX,2025-02-13
PLRZ,2025-03-24
PLRZ,2025-05-02
PLRZ,2025-05-05
PLRZ,2025-05-28
PLRZ,2025-05-29
PLRZ,2025-06-12
PLRZ,2025-07-15
PLRZ,2025-07-22
PLRZ,2025-07-23
PLRZ,2025-09-12
PLTS,2025-09-22
PLTS,2025-09-26
PLTU,2025-02-04
PLTU,2025-04-09
PLUG,2025-04-28
PLUG,2025-06-09
PLUG,2025-06-30
PLUG,2025-07-09
PLUG,2025-10-03
PLUR,2025-04-23
PLUR,2025-06-23
PLYM,2025-08-19
PMAX,2025-01-16
PMAX,2025-02-07
PMAX,2025-02-13
PMAX,2025-02-28
PMAX,2025-05-23
PMAX,2025-05-28
PMAX,2025-08-27
PMAX,2025-10-06
PMAX,2025-10-13
PMCB,2025-09-08
PMEC,2025-01-16
PMEC,2025-02-12
PMN,2025-07-14
PMN,2025-07-21
PN,2025-08-13
PNBK,2025-02-10
PNBK,2025-03-21
PNBK,2025-04-17
PNBK,2025-04-21
PNBK,2025-05-12
PNBK,2025-05-13
POAI,2025-01-03
POAI,2025-01-06
POAI,2025-01-22
POAI,2025-03-25
POAI,2025-09-29
PODC,2025-04-30
POLA,2025-03-04
POLA,2025-07-01
POLA,2025-09-04
PONY,2025-02-21
PONY,2025-04-23
PONY,2025-04-24
PONY,2025-04-28
PONY,2025-05-02
PONY,2025-05-06
PPBT,2025-10-29
PPCB,2025-01-07
PPCB,2025-01-17
PPCB,2025-01-22
PPCB,2025-01-23
PPCB,2025-04-10
PPCB,2025-04-14
PPCB,2025-04-16
PPCB,2025-04-28
PPCB,2025-04-30
PPCB,2025-05-01
PPCB,2025-05-02
PPCB,2025-05-05
PPCB,2025-05-06
PPCB,2025-05-07
PPCB,2025-05-08
PPCB,2025-05-23
PPCB,2025-06-03
PPCB,2025-06-04
PPCB,2025-07-09
PPCB,2025-07-17
PPCB,2025-07-29
PPCB,2025-08-11
PPCB,2025-08-13
PPCB,2025-08-14
PPCB,2025-08-18
PPCB,2025-08-20
PPCB,2025-09-05
PPIH,2025-05-02
PPIH,2025-06-13
PPIH,2025-06-16
PPSI,2025-08-15
PRA,2025-03-20
PRAX,2025-10-16
PRCH,2025-02-26
PRCH,2025-05-07
PRCH,2025-08-06
PRE,2025-05-22
PRE,2025-06-18
PRFX,2025-01-24
PRFX,2025-02-18
PRFX,2025-04-10
PRFX,2025-08-19
PRHI,2025-10-07
PRME,2025-07-07
PRO,2025-09-22
PROK,2025-04-15
PROK,2025-07-08
PROK,2025-07-09
PROK,2025-07-10
PROK,2025-09-11
PROP,2025-01-15
PRPL,2025-03-14
PRPL,2025-07-23
PRPO,2025-04-23
PRSO,2025-01-03
PRSO,2025-09-05
PRSO,2025-10-09
PRTS,2025-03-05
PRTS,2025-09-03
PRZO,2025-01-17
PSIG,2025-01-07
PSIG,2025-05-09
PSIG,2025-08-19
PSIG,2025-10-13
PSIX,2025-08-08
PSKY,2025-08-13
PSQH,2025-05-27
PSTG,2025-08-28
PSTV,2025-03-06
PSTV,2025-03-07
PSTV,2025-03-11
PSTV,2025-03-20
PSTV,2025-03-25
PSTV,2025-04-23
PT,2025-09-08
PTGX,2025-03-10
PTGX,2025-10-10
PTHL,2025-02-24
PTHL,2025-03-10
PTHL,2025-06-06
PTHL,2025-07-15
PTHL,2025-08-04
PTHL,2025-08-26
PTHL,2025-09-03
PTIR,2025-02-04
PTIR,2025-04-09
PTIX,2025-01-27
PTIX,2025-03-04
PTIX,2025-04-01
PTIX,2025-04-03
PTIX,2025-05-06
PTIX,2025-05-19
PTIX,2025-08-21
PTLE,2025-01-06
PTLE,2025-01-22
PTLE,2025-05-06
PTLE,2025-05-15
PTNM,2025-06-04
PTNM,2025-07-15
PTNM,2025-08-27
PTNM,2025-08-28
PTNM,2025-09-09
PTNM,2025-09-10
PTNM,2025-09-25
PULM,2025-02-18
PUMP,2025-10-29
PXLW,2025-06-20
PYXS,2025-10-09
QBTS,2025-01-15
QBTS,2025-03-14
QBTS,2025-05-08
QBTS,2025-05-20
QBTZ,2025-10-22
QCLS,2025-10-03
QCLS,2025-10-30
QCML,2025-04-09
QCML,2025-10-27
QCMU,2025-10-27
QDEL,2025-05-08
QETAR,2025-01-06
QETAR,2025-01-07
QETAR,2025-07-07
QETAR,2025-08-01
QETAR,2025-10-22
QH,2025-08-25
QIPT,2025-05-20
QMCO,2025-01-15
QMCO,2025-02-12
QMCO,2025-03-13
QMCO,2025-03-17
QMCO,2025-05-19
QMCO,2025-09-19
QMMM,2025-03-05
QMMM,2025-05-08
QMMM,2025-05-09
QMMM,2025-09-08
QMMM,2025-09-09
QMMM,2025-09-12
QMMM,2025-09-16
QMMM,2025-09-17
QMMM,2025-09-22
QNRX,2025-01-31
QNRX,2025-02-04
QNRX,2025-02-27
QNRX,2025-04-02
QNRX,2025-05-14
QNRX,2025-10-10
QNRX,2025-10-15
QNTM,2025-02-04
QNTM,2025-02-05
QNTM,2025-02-06
QNTM,2025-03-17
QNTM,2025-03-27
QNTM,2025-03-28
QNTM,2025-06-17
QNTM,2025-09-10
QPUX,2025-09-19
QPUX,2025-10-13
QPUX,2025-10-23
QS,2025-06-25
QS,2025-06-26
QS,2025-09-08
QSI,2025-01-03
QSI,2025-09-18
QSIAW,2025-01-03
QSIAW,2025-01-15
QSIAW,2025-05-21
QTRX,2025-06-10
QTTB,2025-07-10
QTTB,2025-07-16
QUBT,2025-01-15
QUBT,2025-05-16
QUBT,2025-06-11
QUBT,2025-06-16
QUBT,2025-09-19
QURE,2025-04-17
QURE,2025-09-24
QVCGA,2025-03-25
QVCGA,2025-05-06
QVCGA,2025-06-05
QVCGA,2025-07-22
QVCGA,2025-07-25
QVCGA,2025-08-27
QVCGA,2025-09-02
QVCGP,2025-06-04
QVCGP,2025-06-05
RAAQW,2025-10-15
RADX,2025-01-10
RADX,2025-01-13
RADX,2025-02-27
RADX,2025-03-03
RADX,2025-03-05
RADX,2025-05-23
RADX,2025-08-20
RAIL,2025-03-13
RAIN,2025-04-30
RAIN,2025-05-06
RAIN,2025-05-12
RAIN,2025-06-04
RAIN,2025-09-02
RAIN,2025-09-08
RAIN,2025-10-15
RANI,2025-10-17
RANI,2025-10-20
RANI,2025-10-21
RANI,2025-10-22
RANI,2025-10-31
RAPP,2025-03-04
RAPP,2025-06-03
RAPP,2025-09-08
RAPT,2025-05-23
RAPT,2025-07-15
RAPT,2025-10-20
RAY,2025-03-11
RAY,2025-03-24
RAY,2025-03-25
RAY,2025-05-12
RAY,2025-05-22
RAY,2025-08-25
RAY,2025-09-09
RAYA,2025-04-15
RAYA,2025-06-30
RAYA,2025-07-15
RAYA,2025-07-22
RAYA,2025-07-24
RAYA,2025-07-31
RAYA,2025-08-01
RAYA,2025-08-28
RAYA,2025-09-18
RAYA,2025-09-24
RAYA,2025-10-01
RBNE,2025-06-13
RBNE,2025-06-17
RBNE,2025-06-23
RBNE,2025-09-10
RBNE,2025-10-23
RBOT,2025-10-03
RCAT,2025-07-11
RCAT,2025-09-11
RCEL,2025-09-15
RCKT,2025-08-20
RCKY,2025-04-30
RCKY,2025-07-30
RCON,2025-05-22
RCON,2025-07-29
RCON,2025-07-30
RCON,2025-07-31
RCT,2025-04-09
RCT,2025-06-27
RCT,2025-07-01
RCT,2025-07-28
RCT,2025-09-22
RCT,2025-09-24
RCT,2025-09-26
RDGT,2025-03-26
RDGT,2025-07-15
RDGT,2025-10-14
RDHL,2025-07-17
RDHL,2025-07-21
RDHL,2025-09-29
RDHL,2025-10-20
RDIB,2025-03-05
RDIB,2025-03-18
RDIB,2025-05-15
RDIB,2025-06-13
RDIB,2025-08-05
RDTL,2025-04-09
RDTL,2025-05-14
RDTL,2025-06-17
RDTL,2025-08-01
RDTL,2025-10-31
RDW,2025-01-21
RDW,2025-04-09
REAL,2025-08-08
REBN,2025-01-29
REBN,2025-01-31
REBN,2025-02-03
REBN,2025-02-18
REBN,2025-02-20
REE,2025-10-16
REFR,2025-05-09
REFR,2025-10-27
REKR,2025-01-06
REKR,2025-01-22
REKR,2025-06-03
RELI,2025-01-14
RELI,2025-06-17
RELI,2025-06-18
RELI,2025-06-24
RELI,2025-09-15
RELI,2025-09-22
RELI,2025-09-29
RELI,2025-10-28
RENT,2025-03-20
RENT,2025-06-06
RENT,2025-08-21
RENT,2025-09-11
REPL,2025-07-23
REPL,2025-07-30
REPL,2025-09-23
REPL,2025-10-20
RETO,2025-02-20
RETO,2025-02-24
RETO,2025-02-25
RETO,2025-03-03
RETO,2025-03-04
RETO,2025-04-25
REVB,2025-04-08
REVB,2025-06-03
RFL,2025-06-10
RFL,2025-07-10
RGC,2025-03-20
RGC,2025-03-21
RGC,2025-03-31
RGC,2025-04-04
RGC,2025-04-11
RGC,2025-04-30
RGC,2025-05-01
RGC,2025-05-05
RGC,2025-05-06
RGC,2025-05-07
RGC,2025-05-08
RGC,2025-05-09
RGC,2025-05-12
RGC,2025-05-14
RGC,2025-05-20
RGC,2025-05-29
RGC,2025-06-06
RGC,2025-06-16
RGC,2025-06-17
RGC,2025-06-24
RGC,2025-07-03
RGC,2025-07-07
RGC,2025-07-23
RGTI,2025-01-14
RGTI,2025-01-21
RGTI,2025-05-22
RGTI,2025-07-16
RGTIW,2025-01-10
RGTIW,2025-01-14
RGTIW,2025-01-15
RGTIW,2025-01-21
RGTIW,2025-03-14
RGTIW,2025-05-22
RGTIW,2025-06-11
RGTIW,2025-07-16
RGTIW,2025-09-12
RGTIW,2025-09-18
RGTIW,2025-09-19
RGTIW,2025-10-02
RGTIW,2025-10-13
RGTX,2025-04-07
RGTX,2025-04-09
RGTX,2025-05-02
RGTX,2025-05-14
RGTX,2025-05-22
RGTX,2025-06-11
RGTX,2025-07-02
RGTX,2025-07-16
RGTX,2025-09-12
RGTX,2025-09-18
RGTX,2025-09-19
RGTX,2025-10-02
RGTX,2025-10-13
RGTX,2025-10-23
RGTZ,2025-10-16
RH,2025-04-09
RHLD,2025-03-17
RIGL,2025-05-07
RILY,2025-02-21
RILY,2025-02-24
RILY,2025-02-26
RILYG,2025-05-21
RILYL,2025-02-11
RILYL,2025-02-26
RILYL,2025-07-10
RILYL,2025-07-17
RILYP,2025-02-26
RILYP,2025-04-14
RILYP,2025-07-10
RILYP,2025-08-14
RIME,2025-01-06
RIME,2025-01-07
RIME,2025-01-31
RITR,2025-02-28
RITR,2025-06-02
RITR,2025-06-05
RITR,2025-06-25
RITR,2025-06-30
RKDA,2025-10-08
RKDA,2025-10-15
RKLB,2025-01-21
RKLX,2025-04-09
RKLX,2025-04-15
RKLX,2025-06-26
RLMD,2025-08-29
RLMD,2025-09-02
RMCF,2025-06-18
RMCF,2025-09-16
RMCO,2025-07-02
RMCO,2025-10-14
RMCO,2025-10-20
RMCO,2025-10-28
RMNI,2025-07-10
RMSG,2025-08-06
RMSG,2025-08-12
RMSG,2025-08-19
RMSG,2025-10-15
RMSG,2025-10-16
RMTI,2025-08-25
RNA,2025-10-27
RNAC,2025-07-09
RNAZ,2025-01-23
RNAZ,2025-01-24
RNAZ,2025-01-28
RNAZ,2025-02-05
RNAZ,2025-02-06
RNAZ,2025-03-21
RNAZ,2025-04-21
RNAZ,2025-04-24
RNAZ,2025-05-01
RNAZ,2025-07-23
RNAZ,2025-07-28
RNAZ,2025-10-08
RNTX,2025-01-22
RNTX,2025-01-29
RNTX,2025-10-07
ROMA,2025-09-03
ROMA,2025-09-09
ROOT,2025-02-27
RPGL,2025-10-23
RPGL,2025-10-27
RPID,2025-01-14
RPID,2025-02-05
RR,2025-01-03
RR,2025-01-14
RR,2025-03-17
RR,2025-05-27
RR,2025-08-26
RRGB,2025-02-27
RRGB,2025-05-30
RSVRW,2025-01-31
RSVRW,2025-02-26
RSVRW,2025-08-21
RUBI,2025-08-05
RUM,2025-05-09
RUMBW,2025-04-09
RUMBW,2025-05-09
RUMBW,2025-08-11
RUMBW,2025-08-28
RUMBW,2025-10-03
RUN,2025-08-07
RUN,2025-08-15
RVYL,2025-06-02
RVYL,2025-06-05
RXRX,2025-04-11
RYET,2025-04-10
RYET,2025-04-15
RYET,2025-04-30
RYET,2025-05-08
RYET,2025-05-12
RYET,2025-05-16
RYET,2025-06-30
RYET,2025-07-10
RYET,2025-07-11
RYET,2025-07-17
RYM,2025-09-29
RYOJ,2025-10-16
RYOJ,2025-10-21
RYOJ,2025-10-28
RYTM,2025-07-09
RZLT,2025-04-23
RZLV,2025-01-16
RZLV,2025-04-15
RZLV,2025-04-24
RZLV,2025-06-24
RZLVW,2025-09-09
RZLVW,2025-09-10
RZLVW,2025-10-01
RZLVW,2025-10-02
RZLVW,2025-10-24
SABS,2025-07-08
SABS,2025-07-21
SAFX,2025-06-17
SAFX,2025-06-18
SAFX,2025-06-25
SAFX,2025-07-10
SAGT,2025-04-24
SAGT,2025-04-29
SAIH,2025-01-23
SAIH,2025-03-24
SAIH,2025-03-25
SAIH,2025-04-09
SAIH,2025-04-16
SAIH,2025-04-25
SAIH,2025-04-29
SAIH,2025-05-23
SAIH,2025-07-17
SAIH,2025-09-09
SAIH,2025-09-19
SANA,2025-01-08
SANA,2025-10-15
SANM,2025-10-06
SATL,2025-03-12
SATS,2025-06-16
SATS,2025-08-26
SAVA,2025-09-23
SBC,2025-02-13
SBC,2025-04-10
SBC,2025-05-22
SBDS,2025-08-11
SBET,2025-01-29
SBET,2025-02-06
SBET,2025-03-03
SBET,2025-04-25
SBET,2025-05-05
SBET,2025-05-09
SBET,2025-05-22
SBET,2025-05-23
SBET,2025-05-27
SBET,2025-05-29
SBET,2025-05-30
SBET,2025-06-03
SBET,2025-06-11
SBET,2025-06-16
SBET,2025-07-02
SBET,2025-07-08
SBET,2025-07-16
SBFM,2025-04-02
SBLX,2025-09-09
SBLX,2025-10-14
SBXD.WS,2025-02-06
SBXD.WS,2025-06-09
SBXD.WS,2025-06-20
SCAG,2025-07-02
SCAG,2025-07-09
SCAG,2025-09-05
SCLX,2025-04-02
SCLX,2025-07-17
SCLX,2025-07-23
SCLX,2025-07-28
SCNI,2025-06-05
SCNI,2025-07-29
SCNI,2025-08-13
SCNX,2025-03-06
SCNX,2025-03-17
SCNX,2025-03-19
SCNX,2025-10-16
SCNX,2025-10-23
SCNX,2025-10-31
SCOR,2025-01-23
SCOR,2025-09-29
SCS,2025-08-04
SCWO,2025-10-09
SDM,2025-05-07
SDM,2025-05-20
SDM,2025-05-21
SDM,2025-06-23
SDM,2025-06-30
SDM,2025-07-11
SDM,2025-07-16
SDM,2025-07-28
SDM,2025-07-30
SDM,2025-08-12
SDOT,2025-10-15
SDST,2025-02-03
SDST,2025-02-19
SDST,2025-05-13
SDST,2025-07-14
SDST,2025-07-23
SDST,2025-10-13
SDST,2025-10-14
SEAT,2025-08-06
SEDG,2025-02-19
SEED,2025-06-24
SEED,2025-10-15
SEI,2025-02-21
SENS,2025-01-10
SEPN,2025-05-14
SERA,2025-06-12
SERA,2025-06-27
SERV,2025-01-03
SERV,2025-10-09
SES,2025-01-16
SES,2025-01-23
SES,2025-04-25
SEV,2025-10-23
SEZL,2025-04-09
SEZL,2025-05-08
SFHG,2025-01-03
SGBX,2025-01-03
SGBX,2025-01-15
SGBX,2025-02-06
SGBX,2025-05-08
SGBX,2025-05-22
SGBX,2025-05-23
SGBX,2025-05-28
SGBX,2025-06-02
SGBX,2025-06-16
SGBX,2025-06-17
SGBX,2025-08-06
SGBX,2025-08-08
SGBX,2025-10-10
SGBX,2025-10-17
SGBX,2025-10-23
SGD,2025-05-28
SGD,2025-07-29
SGD,2025-07-30
SGD,2025-08-04
SGD,2025-09-08
SGD,2025-09-11
SGHT,2025-10-17
SGLY,2025-01-22
SGLY,2025-02-03
SGLY,2025-03-21
SGLY,2025-03-28
SGLY,2025-04-30
SGLY,2025-05-29
SGML,2025-08-15
SGMT,2025-01-06
SGMT,2025-06-12
SHFS,2025-04-21
SHFS,2025-07-09
SHFS,2025-09-02
SHFS,2025-09-24
SHIM,2025-05-27
SHMD,2025-10-15
SHPH,2025-04-07
SHPH,2025-04-22
SHPH,2025-05-09
SIDU,2025-09-12
SILO,2025-01-08
SILO,2025-05-12
SINT,2025-02-19
SINT,2025-02-21
SINT,2025-09-03
SINT,2025-09-05
SION,2025-10-21
SKBL,2025-01-30
SKBL,2025-02-10
SKBL,2025-08-27
SKBL,2025-08-29
SKBL,2025-09-04
SKBL,2025-09-09
SKBL,2025-09-10
SKBL,2025-09-22
SKIN,2025-05-07
SKIN,2025-05-09
SKIN,2025-08-08
SKK,2025-02-27
SKYE,2025-01-29
SKYE,2025-04-15
SKYE,2025-06-23
SKYE,2025-06-27
SKYQ,2025-05-22
SKYQ,2025-06-16
SKYQ,2025-09-08
SKYT,2025-08-07
SLDB,2025-02-10
SLDB,2025-02-18
SLDB,2025-02-19
SLDP,2025-08-07
SLDP,2025-10-06
SLDPW,2025-07-22
SLDPW,2025-10-10
SLDPW,2025-10-13
SLDPW,2025-10-14
SLDPW,2025-10-16
SLDPW,2025-10-31
SLE,2025-03-04
SLE,2025-04-24
SLE,2025-05-16
SLE,2025-05-30
SLE,2025-07-21
SLE,2025-09-17
SLE,2025-09-23
SLE,2025-10-10
SLGB,2025-10-22
SLGB,2025-10-23
SLGL,2025-01-07
SLGL,2025-04-17
SLGL,2025-04-21
SLGL,2025-05-06
SLGL,2025-08-21
SLGL,2025-10-06
SLMT,2025-10-23
SLNH,2025-07-10
SLNH,2025-07-11
SLNH,2025-09-22
SLNH,2025-09-23
SLNH,2025-09-24
SLNH,2025-10-08
SLNH,2025-10-14
SLNH,2025-10-15
SLNHP,2025-07-16
SLNHP,2025-07-31
SLNHP,2025-09-15
SLNHP,2025-09-16
SLNHP,2025-09-22
SLNHP,2025-10-15
SLNO,2025-03-27
SLP,2025-04-11
SLQT,2025-02-11
SLQT,2025-08-21
SLRX,2025-01-13
SLRX,2025-01-16
SLRX,2025-02-26
SLRX,2025-06-17
SLRX,2025-07-29
SLS,2025-01-27
SLSN,2025-04-14
SLSN,2025-10-02
SLXN,2025-01-28
SLXN,2025-01-29
SLXN,2025-02-05
SLXN,2025-02-25
SLXN,2025-03-05
SLXN,2025-04-23
SLXN,2025-07-17
SLXN,2025-07-31
SLXN,2025-09-11
SMCL,2025-01-06
SMCL,2025-02-10
SMCL,2025-02-18
SMCL,2025-02-19
SMCL,2025-02-26
SMCL,2025-04-09
SMCL,2025-05-13
SMCL,2025-05-14
SMCX,2025-01-06
SMCX,2025-02-10
SMCX,2025-02-18
SMCX,2025-02-19
SMCX,2025-02-26
SMCX,2025-04-09
SMCX,2025-05-13
SMCX,2025-05-14
SMCZ,2025-04-30
SMCZ,2025-08-06
SMLR,2025-05-16
SMLR,2025-10-27
SMSI,2025-01-06
SMST,2025-03-10
SMTK,2025-03-17
SMTK,2025-05-20
SMTK,2025-07-17
SMTK,2025-09-02
SMTK,2025-09-04
SMTK,2025-10-02
SMTK,2025-10-07
SMTK,2025-10-14
SMX,2025-01-10
SMX,2025-01-24
SMX,2025-04-17
SMX,2025-07-25
SMX,2025-07-28
SMX,2025-08-08
SMX,2025-08-29
SMX,2025-09-04
SMX,2025-09-10
SMXT,2025-08-05
SNAL,2025-04-15
SNAL,2025-07-15
SNCR,2025-03-12
SNES,2025-06-26
SNES,2025-07-22
SNGX,2025-07-01
SNGX,2025-07-31
SNGX,2025-08-04
SNGX,2025-08-18
SNGX,2025-10-07
SNOA,2025-03-10
SNOA,2025-03-11
SNOA,2025-04-23
SNOA,2025-08-14
SNSE,2025-03-28
SNSE,2025-08-01
SNSE,2025-10-16
SNSE,2025-10-30
SNTG,2025-01-28
SNTG,2025-09-04
SNTG,2025-09-08
SNTI,2025-10-14
SNYR,2025-02-12
SNYR,2025-04-15
SOBR,2025-01-16
SOBR,2025-02-14
SOBR,2025-02-18
SOBR,2025-03-05
SOBR,2025-03-06
SOBR,2025-03-11
SOBR,2025-04-04
SOBR,2025-04-08
SOBR,2025-07-09
SOC,2025-07-17
SOFX,2025-04-09
SOFX,2025-07-29
SOGP,2025-06-09
SOGP,2025-06-16
SOGP,2025-06-24
SOGP,2025-07-09
SOGP,2025-08-28
SOGP,2025-09-02
SOGP,2025-09-04
SOGP,2025-10-15
SOHO,2025-10-27
SOHOB,2025-10-27
SOHON,2025-10-27
SOHOO,2025-10-27
SOL,2025-03-17
SOLS,2025-10-30
SOLT,2025-04-09
SONM,2025-01-15
SONM,2025-04-01
SONM,2025-06-16
SONM,2025-06-25
SONM,2025-06-26
SONN,2025-01-06
SONN,2025-01-22
SONN,2025-04-04
SONN,2025-07-02
SONN,2025-07-07
SONN,2025-07-14
SONN,2025-08-13
SONN,2025-09-09
SONN,2025-09-12
SONN,2025-09-16
SOPA,2025-01-21
SOPA,2025-01-31
SOPA,2025-02-03
SOPA,2025-02-06
SOPA,2025-02-10
SOPA,2025-02-11
SOPA,2025-02-13
SOPA,2025-05-01
SOPA,2025-05-02
SOPA,2025-08-14
SOPA,2025-10-06
SORA,2025-08-14
SORA,2025-10-08
SOS,2025-05-09
SOS,2025-05-12
SOS,2025-09-08
SOS,2025-09-09
SOUN,2025-08-08
SOUNW,2025-08-08
SOUX,2025-07-08
SOUX,2025-08-08
SOUX,2025-08-11
SOWG,2025-01-03
SOWG,2025-06-02
SOWG,2025-07-24
SOWG,2025-07-25
SOWG,2025-09-23
SPAI,2025-02-13
SPAI,2025-04-07
SPAI,2025-04-22
SPAI,2025-07-17
SPCB,2025-01-03
SPCB,2025-01-23
SPCE,2025-05-16
SPCY,2025-04-09
SPHL,2025-03-11
SPHL,2025-03-12
SPIR,2025-04-08
SPNS,2025-08-13
SPPL,2025-01-03
SPPL,2025-01-06
SPPL,2025-02-26
SPPL,2025-04-08
SPPL,2025-07-25
SPPL,2025-09-19
SPRB,2025-06-12
SPRB,2025-07-11
SPRB,2025-09-12
SPRB,2025-09-29
SPRB,2025-10-06
SPRB,2025-10-07
SPRC,2025-01-03
SPRC,2025-01-06
SPRC,2025-01-22
SPRC,2025-02-05
SPRC,2025-03-10
SPRC,2025-05-05
SPRC,2025-09-17
SPRC,2025-09-25
SPRC,2025-09-30
SPRC,2025-10-15
SPRO,2025-05-28
SPRO,2025-05-30
SPRU,2025-08-08
SPWH,2025-04-02
SPWH,2025-04-07
SQFT,2025-07-14
SQFT,2025-09-17
SQNS,2025-07-08
SQNS,2025-07-10
SQNS,2025-07-11
SRFM,2025-03-05
SRFM,2025-06-24
SRFM,2025-06-25
SRFM,2025-06-26
SRFM,2025-07-08
SRFM,2025-07-09
SRFM,2025-07-11
SRFM,2025-08-13
SRI,2025-05-01
SRL,2025-09-23
SRPT,2025-07-29
SRZNW,2025-10-28
SSII,2025-04-25
SSII,2025-05-29
SSII,2025-06-18
SSII,2025-06-20
SSII,2025-07-16
SSII,2025-10-14
SSKN,2025-08-27
SSKN,2025-09-02
SSKN,2025-09-23
SSKN,2025-09-26
SSKN,2025-10-14
SSP,2025-03-12
SSP,2025-03-13
SSP,2025-08-12
SST,2025-01-21
SST,2025-04-25
SST,2025-04-30
SST,2025-05-07
SST,2025-05-09
SST,2025-06-09
SST,2025-06-16
SST,2025-06-20
SST,2025-06-23
SST,2025-07-02
STAA,2025-08-05
STAI,2025-01-06
STAI,2025-01-07
STAI,2025-01-10
STAI,2025-01-22
STAI,2025-02-14
STAI,2025-02-18
STAI,2025-02-20
STAI,2025-02-25
STAI,2025-05-08
STAI,2025-07-29
STAK,2025-04-14
STAK,2025-04-24
STAK,2025-06-16
STAK,2025-07-22
STAK,2025-08-21
STAK,2025-09-30
STEC,2025-02-24
STEC,2025-05-02
STEC,2025-05-05
STEC,2025-09-09
STEC,2025-09-11
STEM,2025-01-03
STEM,2025-01-06
STEM,2025-01-14
STEM,2025-04-30
STEM,2025-07-18
STEM,2025-07-21
STEX,2025-10-06
STFS,2025-01-14
STG,2025-07-09
STG,2025-07-14
STI,2025-03-12
STI,2025-03-19
STI,2025-04-16
STI,2025-05-08
STI,2025-09-03
STI,2025-10-13
STI,2025-10-14
STI,2025-10-17
STI,2025-10-24
STIM,2025-01-13
STKH,2025-07-10
STKH,2025-08-26
STKH,2025-09-29
STKL,2025-05-08
STOK,2025-08-13
STRO,2025-04-24
STRR,2025-09-05
STSS,2025-02-05
STSS,2025-02-20
STSS,2025-02-26
STSS,2025-03-10
STSS,2025-03-13
STSS,2025-04-10
STSS,2025-04-11
STSS,2025-04-14
STSS,2025-04-17
STSS,2025-04-30
STSS,2025-06-04
STSS,2025-08-08
STSS,2025-08-21
STSS,2025-08-25
STSS,2025-08-27
STTK,2025-02-24
STTK,2025-04-07
STTK,2025-08-05
STTK,2025-09-03
SUGP,2025-06-23
SUGP,2025-07-09
SUGP,2025-07-10
SUGP,2025-07-24
SUGP,2025-08-22
SUGP,2025-08-25
SUGP,2025-10-01
SUGP,2025-10-09
SUNE,2025-03-07
SUNE,2025-03-11
SUNE,2025-03-14
SUNE,2025-03-19
SUNE,2025-03-21
SUNE,2025-04-07
SUNE,2025-04-10
SUNE,2025-04-14
SUNE,2025-04-15
SUPV,2025-10-09
SUPV,2025-10-27
SUPX,2025-07-29
SUPX,2025-07-30
SUPX,2025-08-25
SUPX,2025-09-04
SURG,2025-03-26
SUUN,2025-02-03
SUUN,2025-02-10
SUUN,2025-06-03
SUUN,2025-06-16
SUUN,2025-08-18
SVRE,2025-06-11
SVRE,2025-06-27
SVRE,2025-07-07
SWIM,2025-03-05
SWVL,2025-05-14
SXTC,2025-02-24
SXTC,2025-04-17
SXTC,2025-04-22
SXTC,2025-04-25
SXTC,2025-05-06
SXTC,2025-05-19
SXTC,2025-06-05
SXTC,2025-06-06
SXTP,2025-01-29
SXTP,2025-04-08
SXTP,2025-04-10
SXTP,2025-04-22
SY,2025-06-23
SY,2025-06-24
SY,2025-06-30
SY,2025-07-07
SYBX,2025-07-15
SYPR,2025-01-03
SYPR,2025-01-06
TAIT,2025-09-08
TANH,2025-02-18
TANH,2025-05-12
TANH,2025-09-16
TAOP,2025-01-15
TAOP,2025-05-09
TAOP,2025-05-12
TAOP,2025-05-15
TAOP,2025-06-20
TAOX,2025-10-13
TAOX,2025-10-20
TARA,2025-09-22
TARK,2025-04-09
TBH,2025-04-03
TBH,2025-06-05
TBH,2025-06-23
TBH,2025-07-23
TBH,2025-07-25
TBH,2025-08-29
TBH,2025-09-02
TBI,2025-05-13
TBN,2025-01-24
TC,2025-01-27
TC,2025-05-09
TC,2025-08-11
TC,2025-08-27
TC,2025-09-10
TC,2025-09-11
TCMD,2025-08-05
TCRT,2025-04-01
TCRT,2025-04-02
TCRT,2025-04-03
TCRT,2025-06-16
TCRT,2025-08-22
TCRX,2025-10-01
TCX,2025-02-14
TDTH,2025-01-22
TDTH,2025-01-30
TDTH,2025-01-31
TDTH,2025-03-20
TDTH,2025-07-16
TDTH,2025-07-18
TDTH,2025-07-21
TDTH,2025-07-22
TDUP,2025-01-14
TDUP,2025-05-06
TDW,2025-08-05
TE,2025-10-09
TE,2025-10-15
TECX,2025-01-30
TECX,2025-10-30
TELO,2025-07-18
TELO,2025-08-28
TELO,2025-10-07
TEM,2025-01-21
TEO,2025-10-27
TGE,2025-06-06
TGE,2025-06-17
TGE,2025-09-10
TGE,2025-09-17
TGE,2025-10-20
TGE,2025-10-31
TGL,2025-01-03
TGL,2025-01-17
TGL,2025-02-11
TGL,2025-03-24
TGL,2025-03-31
TGL,2025-04-09
TGL,2025-04-16
TGL,2025-05-16
TGL,2025-06-04
TGL,2025-09-11
TGL,2025-10-27
TGNA,2025-08-11
TGS,2025-10-27
THAR,2025-08-20
THAR,2025-08-21
THAR,2025-08-25
THAR,2025-08-28
THAR,2025-09-19
TIL,2025-01-07
TIL,2025-04-23
TIL,2025-05-22
TIL,2025-05-29
TIL,2025-06-02
TIVC,2025-02-12
TIVC,2025-02-13
TIVC,2025-04-02
TIVC,2025-04-03
TIVC,2025-04-09
TIVC,2025-04-22
TIVC,2025-08-15
TLIH,2025-07-09
TLIH,2025-07-22
TLPH,2025-09-08
TLRY,2025-08-12
TLRY,2025-08-13
TLRY,2025-09-29
TLRY,2025-10-09
TLS,2025-05-12
TLS,2025-08-11
TLS,2025-08-12
TLSA,2025-05-06
TLSIW,2025-01-30
TLSIW,2025-02-03
TLSIW,2025-02-12
TLSIW,2025-04-02
TLSIW,2025-04-14
TLSIW,2025-04-30
TLSIW,2025-05-22
TLSIW,2025-05-28
TLSIW,2025-06-02
TLSIW,2025-06-04
TLSIW,2025-07-21
TLSIW,2025-07-22
TLSIW,2025-07-30
TLSIW,2025-09-09
TLX,2025-02-24
TLYS,2025-05-30
TLYS,2025-06-02
TLYS,2025-06-05
TLYS,2025-07-01
TLYS,2025-07-24
TMC,2025-04-14
TMC,2025-04-24
TMC,2025-06-16
TMC,2025-06-18
TMCWW,2025-06-16
TMCWW,2025-06-18
TMCWW,2025-06-25
TMCWW,2025-10-07
TMCWW,2025-10-13
TNGX,2025-05-19
TNGX,2025-05-20
TNGX,2025-05-29
TNGX,2025-06-03
TNGX,2025-06-06
TNMG,2025-01-27
TNMG,2025-01-29
TNMG,2025-02-13
TNMG,2025-02-20
TNMG,2025-05-14
TNMG,2025-05-20
TNON,2025-03-11
TNON,2025-03-25
TNON,2025-03-27
TNON,2025-08-01
TNXP,2025-01-22
TNXP,2025-01-28
TNXP,2025-02-07
TNXP,2025-03-05
TNXP,2025-03-06
TNXP,2025-03-18
TNXP,2025-03-21
TNXP,2025-03-24
TNXP,2025-05-16
TNXP,2025-05-27
TNXP,2025-08-12
TNYA,2025-02-14
TOI,2025-02-10
TOI,2025-02-26
TOI,2025-03-24
TOI,2025-04-14
TOI,2025-05-15
TOMZ,2025-06-02
TOP,2025-09-10
TORO,2025-07-10
TORO,2025-10-01
TPC,2025-02-28
TPC,2025-08-07
TPST,2025-06-09
TQQQ,2025-04-09
TRAW,2025-04-21
TRAW,2025-06-03
TRIB,2025-01-28
TRIB,2025-08-12
TRIB,2025-08-14
TRIB,2025-08-20
TRNR,2025-02-19
TRNR,2025-02-26
TRNR,2025-02-27
TRNR,2025-02-28
TRNR,2025-03-03
TRNR,2025-03-19
TRNR,2025-04-08
TRNR,2025-06-11
TRNR,2025-07-07
TRON,2025-09-08
TRON,2025-10-02
TROO,2025-01-17
TROO,2025-03-13
TROO,2025-07-14
TROO,2025-09-24
TRSG,2025-03-24
TRSG,2025-03-28
TRUE,2025-10-15
TRUG,2025-01-06
TRUG,2025-01-24
TRUG,2025-02-19
TRUG,2025-04-22
TRUG,2025-05-23
TRUG,2025-05-29
TRUG,2025-07-21
TRVG,2025-02-06
TRVG,2025-05-01
TRVI,2025-03-10
TSDD,2025-03-10
TSDD,2025-06-05
TSHA,2025-10-02
TSLG,2025-04-09
TSLL,2025-04-09
TSLQ,2025-03-10
TSLQ,2025-06-05
TSLR,2025-04-09
TSSI,2025-05-16
TTEC,2025-04-02
TTEC,2025-05-09
TTRX,2025-10-09
TURB,2025-09-16
TUSK,2025-04-14
TVACW,2025-09-25
TVACW,2025-10-08
TVGN,2025-01-27
TVGN,2025-04-09
TVGN,2025-08-05
TVTX,2025-09-10
TWG,2025-02-18
TWG,2025-03-28
TWG,2025-05-12
TWG,2025-06-11
TWG,2025-07-25
TWG,2025-07-30
TWIN,2025-08-21
TWNP,2025-06-09
TXMD,2025-01-03
TXMD,2025-02-21
TXMD,2025-10-17
TYGO,2025-01-07
TYGO,2025-07-30
TZOO,2025-04-29
TZUP,2025-02-26
TZUP,2025-05-13
TZUP,2025-07-08
TZUP,2025-07-14
U,2025-02-20
UBXG,2025-02-21
UBXG,2025-03-12
UBXG,2025-08-19
UCL,2025-01-17
UCL,2025-04-23
UCL,2025-07-24
UDMY,2025-02-14
UFG,2025-08-15
UFG,2025-09-02
UFG,2025-09-09
UFG,2025-10-29
UGRO,2025-02-06
UHG,2025-05-12
UHGWW,2025-02-26
UHGWW,2025-07-10
UHGWW,2025-08-11
UHGWW,2025-08-15
UHGWW,2025-09-17
UI,2025-08-22
UK,2025-09-09
ULCC,2025-08-12
ULY,2025-01-06
ULY,2025-02-27
ULY,2025-03-20
ULY,2025-03-26
ULY,2025-04-25
ULY,2025-04-29
ULY,2025-04-30
ULY,2025-06-25
ULY,2025-10-07
UNCY,2025-06-09
UNCY,2025-06-23
UNF,2025-01-07
UNIT,2025-08-04
UOKA,2025-02-03
UOKA,2025-02-07
UOKA,2025-02-21
UOKA,2025-03-04
UOKA,2025-03-14
UOKA,2025-05-16
UONEK,2025-07-08
UP,2025-08-15
UP,2025-08-26
UPC,2025-02-07
UPC,2025-02-21
UPC,2025-04-08
UPC,2025-04-16
UPC,2025-04-21
UPC,2025-04-28
UPC,2025-05-05
UPC,2025-05-12
UPC,2025-07-28
UPC,2025-08-13
UPC,2025-09-08
UPC,2025-09-19
UPC,2025-10-08
UPLD,2025-07-28
UPLD,2025-08-18
UPLD,2025-08-20
UPST,2025-02-12
UPXI,2025-01-23
UPXI,2025-02-24
UPXI,2025-04-21
UPXI,2025-04-23
UPXI,2025-04-25
UPXI,2025-05-02
UPXI,2025-05-21
UPXI,2025-07-16
UPXI,2025-07-21
URGN,2025-06-06
URGN,2025-06-12
USAR,2025-03-18
USAR,2025-04-04
USAR,2025-04-07
USAR,2025-04-14
USAR,2025-04-16
USAR,2025-07-15
USAR,2025-10-13
USARW,2025-03-17
USARW,2025-03-18
USARW,2025-04-04
USARW,2025-04-07
USARW,2025-04-14
USARW,2025-04-16
USARW,2025-04-24
USARW,2025-06-04
USARW,2025-06-12
USARW,2025-07-10
USARW,2025-07-15
USARW,2025-08-12
USARW,2025-10-02
USARW,2025-10-03
USARW,2025-10-07
USARW,2025-10-09
USARW,2025-10-10
USARW,2025-10-13
USEA,2025-06-13
USEG,2025-01-21
USEG,2025-02-03
USEG,2025-06-13
USEG,2025-06-17
USGO,2025-02-03
USGO,2025-09-22
USGOW,2025-01-07
USGOW,2025-01-10
USGOW,2025-02-03
USGOW,2025-09-24
USGOW,2025-10-22
USGOW,2025-10-29
USIO,2025-01-07
UTHR,2025-09-02
UXIN,2025-07-11
VAL.WS,2025-10-23
VATE,2025-01-21
VATE,2025-05-27
VBIX,2025-02-07
VBIX,2025-02-13
VBIX,2025-03-12
VBIX,2025-04-11
VBIX,2025-04-23
VBIX,2025-06-04
VBIX,2025-06-05
VBIX,2025-06-27
VBIX,2025-08-08
VBIX,2025-08-25
VCICW,2025-09-08
VCIG,2025-03-07
VCIG,2025-03-14
VCIG,2025-04-22
VCIG,2025-06-23
VCIG,2025-07-18
VCIG,2025-07-25
VCIG,2025-08-19
VCIG,2025-08-26
VCIG,2025-09-17
VCIG,2025-10-23
VCIG,2025-10-30
VEEA,2025-05-14
VEEA,2025-08-14
VEEE,2025-01-03
VEEE,2025-01-17
VEEE,2025-04-08
VEEE,2025-05-08
VEEE,2025-09-03
VEEE,2025-09-05
VELO,2025-08-21
VELO,2025-08-22
VELO,2025-08-25
VELO,2025-10-07
VELO,2025-10-13
VELO,2025-10-14
VEON,2025-07-11
VERA,2025-06-02
VERI,2025-07-16
VERI,2025-07-21
VERI,2025-09-09
VERI,2025-10-15
VERO,2025-02-25
VERO,2025-04-08
VERO,2025-04-09
VERO,2025-06-06
VERU,2025-04-01
VERU,2025-05-28
VFC,2025-04-09
VFF,2025-08-11
VHC,2025-06-06
VHC,2025-08-04
VHC,2025-09-04
VHC,2025-10-17
VICR,2025-07-23
VICR,2025-10-22
VIOT,2025-07-07
VIOT,2025-07-08
VIOT,2025-07-10
VIR,2025-01-08
VIR,2025-08-27
VIVK,2025-01-13
VIVK,2025-04-07
VIVK,2025-05-30
VIVK,2025-06-20
VIVS,2025-08-29
VIVS,2025-09-03
VIVS,2025-10-30
VMAR,2025-01-10
VMAR,2025-01-15
VMAR,2025-02-27
VMAR,2025-04-02
VMAR,2025-04-03
VNCE,2025-01-23
VNCE,2025-09-11
VOR,2025-01-06
VOR,2025-05-13
VOR,2025-05-16
VOR,2025-06-20
VOR,2025-06-23
VOR,2025-06-24
VOR,2025-06-25
VOR,2025-06-26
VOR,2025-06-27
VOR,2025-06-30
VOR,2025-07-03
VOR,2025-07-07
VOR,2025-08-13
VRA,2025-06-16
VRAX,2025-01-06
VRAX,2025-04-11
VRME,2025-01-08
VRME,2025-01-10
VRME,2025-01-13
VRME,2025-01-15
VRME,2025-07-31
VRME,2025-09-19
VRME,2025-10-20
VRTL,2025-04-09
VRTL,2025-04-23
VS,2025-01-17
VSA,2025-06-06
VSA,2025-07-11
VSA,2025-07-14
VSA,2025-09-09
VSAT,2025-01-21
VSAT,2025-08-06
VSEE,2025-01-13
VSEE,2025-07-14
VSEE,2025-10-16
VSEE,2025-10-28
VSEE,2025-10-29
VSME,2025-04-24
VSME,2025-06-24
VSME,2025-08-26
VSME,2025-10-10
VSTA,2025-04-08
VSTD,2025-09-12
VTSI,2025-05-13
VTVT,2025-03-17
VTYX,2025-05-22
VTYX,2025-10-23
VUZI,2025-01-06
VUZI,2025-09-22
VVOS,2025-07-01
VVOS,2025-08-01
VVPR,2025-03-21
VVPR,2025-03-24
VVPR,2025-03-26
VVPR,2025-03-27
VVPR,2025-05-28
VVPR,2025-05-29
VVPR,2025-06-04
VVPR,2025-08-08
VWAV,2025-07-28
VWAV,2025-07-30
VWAVW,2025-10-17
VWAVW,2025-10-20
VWAVW,2025-10-22
VWAVW,2025-10-27
VWAVW,2025-10-31
VYGR,2025-06-02
VYNE,2025-06-25
VYNE,2025-07-23
W,2025-04-09
WAFU,2025-02-25
WAFU,2025-09-08
WAI,2025-06-23
WAI,2025-06-26
WAI,2025-07-25
WAI,2025-07-30
WAI,2025-08-27
WAI,2025-08-28
WAI,2025-09-11
WAI,2025-09-26
WAI,2025-10-10
WATT,2025-01-06
WATT,2025-07-18
WATT,2025-09-08
WATT,2025-10-15
WATT,2025-10-16
WBD,2025-09-11
WBTN,2025-08-13
WBTN,2025-09-16
WBUY,2025-05-08
WBUY,2025-05-09
WBUY,2025-06-06
WBUY,2025-06-30
WCT,2025-01-03
WCT,2025-03-06
WDH,2025-07-17
WETH,2025-08-25
WETH,2025-10-07
WETO,2025-05-29
WETO,2025-07-01
WFF,2025-03-28
WFF,2025-05-20
WFF,2025-06-23
WFF,2025-06-24
WFF,2025-06-27
WFF,2025-08-06
WFF,2025-09-11
WGRX,2025-04-14
WGRX,2025-05-08
WGRX,2025-05-15
WGRX,2025-07-18
WGRX,2025-08-18
WGRX,2025-08-25
WGRX,2025-10-24
WGS,2025-02-18
WHLR,2025-01-07
WHLR,2025-01-16
WHLR,2025-03-04
WHLR,2025-03-07
WHLR,2025-04-10
WHLR,2025-04-25
WHLR,2025-06-04
WHLR,2025-06-20
WHLR,2025-08-27
WHLR,2025-08-28
WHLR,2025-09-11
WHWK,2025-10-16
WIMI,2025-01-07
WIMI,2025-01-27
WIMI,2025-02-21
WIMI,2025-04-16
WIMI,2025-04-21
WK,2025-08-01
WKEY,2025-01-10
WKEY,2025-01-21
WKEY,2025-04-11
WKEY,2025-10-14
WKEY,2025-10-28
WKEY,2025-10-29
WKHS,2025-03-25
WKHS,2025-07-07
WKHS,2025-07-08
WKHS,2025-07-09
WKHS,2025-07-11
WKHS,2025-07-16
WKSP,2025-09-03
WLACW,2025-09-16
WLACW,2025-09-17
WLACW,2025-09-18
WLACW,2025-09-19
WLACW,2025-09-25
WLACW,2025-10-08
WLACW,2025-10-14
WLDN,2025-03-07
WLDS,2025-01-31
WLDS,2025-02-07
WLDS,2025-03-17
WLDS,2025-04-23
WLDS,2025-04-29
WLDS,2025-05-15
WLDS,2025-06-24
WLDS,2025-09-10
WLDS,2025-09-11
WLDS,2025-09-12
WLDS,2025-09-19
WLDSW,2025-01-14
WLDSW,2025-01-31
WLDSW,2025-02-07
WLDSW,2025-02-13
WLDSW,2025-02-18
WLDSW,2025-02-19
WLDSW,2025-02-21
WLDSW,2025-03-04
WLDSW,2025-03-05
WLDSW,2025-03-12
WLDSW,2025-03-17
WLDSW,2025-04-09
WLDSW,2025-05-20
WLDSW,2025-06-12
WLDSW,2025-06-18
WLDSW,2025-08-07
WLDSW,2025-08-21
WLDSW,2025-09-05
WLDSW,2025-09-10
WLDSW,2025-09-11
WLDSW,2025-09-16
WLDSW,2025-09-17
WLDSW,2025-10-08
WLDSW,2025-10-15
WNW,2025-01-03
WNW,2025-02-24
WNW,2025-04-22
WNW,2025-06-20
WNW,2025-09-09
WOK,2025-02-20
WOK,2025-05-21
WOK,2025-05-28
WOK,2025-09-25
WOK,2025-10-09
WOK,2025-10-22
WOLF,2025-01-15
WOLF,2025-05-02
WOLF,2025-05-22
WOLF,2025-07-01
WOLF,2025-07-03
WOLF,2025-07-07
WOLF,2025-07-08
WOLF,2025-07-23
WOLF,2025-09-09
WOLF,2025-09-15
WOLF,2025-09-29
WOLF,2025-09-30
WOOF,2025-03-27
WORX,2025-04-09
WOW,2025-08-12
WRD,2025-02-14
WRD,2025-02-18
WRD,2025-05-06
WRD,2025-05-12
WRD,2025-05-21
WTF,2025-04-14
WTF,2025-06-17
WTO,2025-04-11
WTO,2025-04-25
WTO,2025-05-19
WTO,2025-05-22
WTO,2025-10-31
WULF,2025-08-14
WVVI,2025-01-14
WW,2025-04-30
WW,2025-07-07
WXM,2025-04-09
WXM,2025-04-14
WXM,2025-04-30
WXM,2025-05-06
WXM,2025-06-24
WXM,2025-06-27
WXM,2025-09-09
WYFI,2025-09-10
WYHG,2025-01-10
WYHG,2025-01-29
WYHG,2025-06-30
XAIR,2025-06-17
XAIR,2025-06-20
XAIR,2025-09-08
XBIO,2025-06-25
XBIO,2025-10-07
XBIO,2025-10-08
XBP,2025-03-04
XBP,2025-07-30
XCH,2025-10-13
XCH,2025-10-15
XCUR,2025-01-15
XCUR,2025-01-17
XCUR,2025-01-23
XCUR,2025-03-04
XCUR,2025-03-06
XCUR,2025-04-21
XCUR,2025-06-30
XCUR,2025-07-03
XELB,2025-04-24
XELB,2025-10-03
XFOR,2025-01-29
XFOR,2025-07-24
XFOR,2025-08-12
XFOR,2025-08-13
XFOR,2025-08-19
XFOR,2025-10-24
XGN,2025-01-17
XGN,2025-02-04
XHG,2025-01-08
XHG,2025-01-10
XHG,2025-01-13
XHG,2025-01-17
XHG,2025-02-13
XHG,2025-02-14
XHG,2025-04-04
XHG,2025-04-09
XHG,2025-05-09
XHG,2025-05-13
XHG,2025-09-09
XHG,2025-09-12
XHLD,2025-02-19
XHLD,2025-03-19
XHLD,2025-03-21
XHLD,2025-03-24
XHLD,2025-04-02
XHLD,2025-04-03
XHLD,2025-04-08
XHLD,2025-05-13
XLO,2025-02-12
XLO,2025-05-13
XMTR,2025-08-05
XNET,2025-02-27
XNET,2025-08-15
XNET,2025-08-18
XOS,2025-02-20
XOS,2025-08-14
XPOF,2025-07-03
XPON,2025-07-18
XPON,2025-08-14
XPON,2025-09-22
XPON,2025-09-24
XPRO,2025-07-29
XRPT,2025-07-11
XRTX,2025-01-14
XRTX,2025-02-27
XRTX,2025-10-17
XTIA,2025-01-06
XTIA,2025-01-07
XTIA,2025-06-09
XTIA,2025-06-11
XTIA,2025-06-17
XTKG,2025-03-17
XTKG,2025-05-09
XTKG,2025-05-13
XTKG,2025-06-23
XTLB,2025-06-24
XTLB,2025-07-09
XTLB,2025-08-04
XTLB,2025-10-07
XTLB,2025-10-08
XWEL,2025-05-08
XWEL,2025-05-13
XXII,2025-01-08
XXII,2025-01-13
XXII,2025-01-14
XXII,2025-01-15
XXII,2025-04-09
XXII,2025-05-02
XXII,2025-05-05
XXII,2025-06-26
XXII,2025-07-17
XXII,2025-09-25
YAAS,2025-03-12
YAAS,2025-06-24
YAAS,2025-06-27
YAAS,2025-06-30
YAAS,2025-07-07
YAAS,2025-07-24
YAAS,2025-09-19
YAAS,2025-09-24
YAAS,2025-10-03
YDDL,2025-10-10
YDDL,2025-10-14
YDES,2025-09-03
YDES,2025-09-26
YDESW,2025-09-03
YDESW,2025-09-08
YDESW,2025-09-11
YDESW,2025-09-12
YDESW,2025-09-26
YDESW,2025-10-31
YDKG,2025-10-21
YDKG,2025-10-23
YDKG,2025-10-27
YDKG,2025-10-31
YEXT,2025-06-04
YGMZ,2025-01-17
YGMZ,2025-04-17
YGMZ,2025-08-20
YGMZ,2025-10-16
YHC,2025-02-12
YHC,2025-02-24
YHC,2025-03-12
YHC,2025-05-02
YHC,2025-05-12
YHC,2025-07-01
YHC,2025-07-11
YHC,2025-07-14
YHC,2025-07-16
YHC,2025-08-07
YHGJ,2025-01-27
YHGJ,2025-07-21
YHGJ,2025-08-27
YHGJ,2025-10-10
YIBO,2025-01-27
YIBO,2025-01-28
YIBO,2025-05-14
YJ,2025-03-12
YJ,2025-05-01
YJ,2025-10-07
YMAT,2025-09-19
YMAT,2025-10-28
YOUL,2025-07-15
YOUL,2025-08-21
YOUL,2025-09-09
YPF,2025-10-27
YSXT,2025-01-07
YSXT,2025-02-06
YSXT,2025-02-20
YSXT,2025-04-10
YSXT,2025-05-22
YSXT,2025-05-28
YSXT,2025-06-03
YSXT,2025-08-19
YSXT,2025-09-16
YSXT,2025-10-10
YTRA,2025-08-11
YXT,2025-01-10
YXT,2025-05-14
YXT,2025-09-09
YYAI,2025-01-27
YYAI,2025-02-18
YYAI,2025-02-24
YYAI,2025-07-21
YYAI,2025-07-23
YYAI,2025-07-25
YYAI,2025-07-28
YYAI,2025-09-10
YYAI,2025-10-08
YYAI,2025-10-09
YYAI,2025-10-22
YYGH,2025-04-14
ZBAI,2025-01-10
ZBAI,2025-01-13
ZBAI,2025-01-17
ZBAI,2025-02-03
ZBAI,2025-06-11
ZBAI,2025-07-11
ZBAI,2025-07-16
ZBAI,2025-09-15
ZBAI,2025-10-15
ZBAO,2025-04-07
ZBIO,2025-10-27
ZCMD,2025-06-12
ZENA,2025-03-12
ZENA,2025-04-24
ZENA,2025-05-27
ZENA,2025-06-05
ZENA,2025-06-09
ZENV,2025-01-06
ZEO,2025-01-15
ZEO,2025-01-17
ZEO,2025-04-16
ZEO,2025-05-29
ZEO,2025-06-23
ZEO,2025-09-19
ZEO,2025-10-10
ZEPP,2025-07-08
ZEPP,2025-07-11
ZEPP,2025-07-15
ZEPP,2025-08-04
ZEPP,2025-08-05
ZGM,2025-09-12
ZIPP,2025-04-09
ZJK,2025-01-06
ZKIN,2025-05-08
ZKIN,2025-05-09
ZKIN,2025-05-19
ZKIN,2025-07-15
ZKIN,2025-09-10
ZNB,2025-09-04
ZNB,2025-09-05
ZNB,2025-09-09
ZNB,2025-10-07
ZNTL,2025-02-05
ZOOZ,2025-04-22
ZOOZ,2025-07-22
ZOOZ,2025-07-23
ZOOZ,2025-07-25
ZOOZ,2025-09-10
ZOOZ,2025-09-19
ZSPC,2025-02-03
ZSPC,2025-02-27
ZSPC,2025-07-23
ZSPC,2025-08-12
ZSPC,2025-09-23
ZSPC,2025-09-29
ZSPC,2025-10-09
ZTEK,2025-09-02
ZURA,2025-07-17
ZURA,2025-09-29
ZURA,2025-09-30
ZVIA,2025-05-08
ZYBT,2025-03-25
ZYBT,2025-04-02
ZYBT,2025-04-14
ZYBT,2025-04-16
ZYBT,2025-04-17
ZYBT,2025-04-24
ZYBT,2025-04-28
ZYBT,2025-05-02
ZYBT,2025-05-12
ZYBT,2025-06-10
ZYBT,2025-08-12
ZYBT,2025-08-20
ZYBT,2025-09-02
ZYBT,2025-09-30
ZYXI,2025-08-04
